Property_ID,Tenant_ID,Month,Monthly_Rent,Lease_Expiry_Date,Group
P01,P01_T1,2023-01-01,72733.66915535001,2027-02-01,High Growth + High Concentration
P01,P01_T2,2023-01-01,20781.048330100006,2024-07-01,High Growth + High Concentration
P01,P01_T3,2023-01-01,10390.524165050003,2024-09-01,High Growth + High Concentration
P01,P01_T1,2023-02-01,75237.2366902774,2027-02-01,High Growth + High Concentration
P01,P01_T2,2023-02-01,21496.35334007926,2024-07-01,High Growth + High Concentration
P01,P01_T3,2023-02-01,10748.17667003963,2024-09-01,High Growth + High Concentration
P01,P01_T1,2023-03-01,78685.5644416851,2027-02-01,High Growth + High Concentration
P01,P01_T2,2023-03-01,22481.589840481458,2024-07-01,High Growth + High Concentration
P01,P01_T3,2023-03-01,11240.794920240729,2024-09-01,High Growth + High Concentration
P01,P01_T1,2023-04-01,82395.57580881404,2027-02-01,High Growth + High Concentration
P01,P01_T2,2023-04-01,23541.593088232585,2024-07-01,High Growth + High Concentration
P01,P01_T3,2023-04-01,11770.796544116292,2024-09-01,High Growth + High Concentration
P01,P01_T1,2023-05-01,86225.16500436827,2027-02-01,High Growth + High Concentration
P01,P01_T2,2023-05-01,24635.76142981951,2024-07-01,High Growth + High Concentration
P01,P01_T3,2023-05-01,12317.880714909756,2024-09-01,High Growth + High Concentration
P01,P01_T1,2023-06-01,87836.76604906622,2027-02-01,High Growth + High Concentration
P01,P01_T2,2023-06-01,25096.218871161782,2024-07-01,High Growth + High Concentration
P01,P01_T3,2023-06-01,12548.109435580891,2024-09-01,High Growth + High Concentration
P01,P01_T1,2023-07-01,90634.941639196,2027-02-01,High Growth + High Concentration
P01,P01_T2,2023-07-01,25895.697611198862,2024-07-01,High Growth + High Concentration
P01,P01_T3,2023-07-01,12947.848805599431,2024-09-01,High Growth + High Concentration
P01,P01_T1,2023-08-01,95441.7431849092,2027-02-01,High Growth + High Concentration
P01,P01_T2,2023-08-01,27269.069481402632,2024-07-01,High Growth + High Concentration
P01,P01_T3,2023-08-01,13634.534740701316,2024-09-01,High Growth + High Concentration
P01,P01_T1,2023-09-01,99256.53451796378,2027-02-01,High Growth + High Concentration
P01,P01_T2,2023-09-01,28359.009862275372,2024-07-01,High Growth + High Concentration
P01,P01_T3,2023-09-01,14179.504931137686,2024-09-01,High Growth + High Concentration
P01,P01_T1,2023-10-01,101266.70099273107,2027-02-01,High Growth + High Concentration
P01,P01_T2,2023-10-01,28933.34314078031,2024-07-01,High Growth + High Concentration
P01,P01_T3,2023-10-01,14466.671570390155,2024-09-01,High Growth + High Concentration
P01,P01_T1,2023-11-01,106367.61068216179,2027-02-01,High Growth + High Concentration
P01,P01_T2,2023-11-01,30390.745909189085,2024-07-01,High Growth + High Concentration
P01,P01_T3,2023-11-01,15195.372954594543,2024-09-01,High Growth + High Concentration
P01,P01_T1,2023-12-01,112840.94644288081,2027-02-01,High Growth + High Concentration
P01,P01_T2,2023-12-01,32240.270412251662,2024-07-01,High Growth + High Concentration
P01,P01_T3,2023-12-01,16120.135206125831,2024-09-01,High Growth + High Concentration
P01,P01_T1,2024-01-01,114835.04077488884,2027-02-01,High Growth + High Concentration
P01,P01_T2,2024-01-01,32810.01164996824,2024-07-01,High Growth + High Concentration
P01,P01_T3,2024-01-01,16405.00582498412,2024-09-01,High Growth + High Concentration
P01,P01_T1,2024-02-01,122080.49903717768,2027-02-01,High Growth + High Concentration
P01,P01_T2,2024-02-01,34880.14258205077,2024-07-01,High Growth + High Concentration
P01,P01_T3,2024-02-01,17440.071291025386,2024-09-01,High Growth + High Concentration
P01,P01_T1,2024-03-01,127836.95020430975,2027-02-01,High Growth + High Concentration
P01,P01_T2,2024-03-01,36524.842915517074,2024-07-01,High Growth + High Concentration
P01,P01_T3,2024-03-01,18262.421457758537,2024-09-01,High Growth + High Concentration
P01,P01_T1,2024-04-01,130584.51311358808,2027-02-01,High Growth + High Concentration
P01,P01_T2,2024-04-01,37309.860889596595,2024-07-01,High Growth + High Concentration
P01,P01_T3,2024-04-01,18654.930444798298,2024-09-01,High Growth + High Concentration
P01,P01_T1,2024-05-01,131687.33558694212,2027-02-01,High Growth + High Concentration
P01,P01_T2,2024-05-01,37624.953024840615,2024-07-01,High Growth + High Concentration
P01,P01_T3,2024-05-01,18812.476512420308,2024-09-01,High Growth + High Concentration
P01,P01_T1,2024-06-01,144386.76882423903,2027-02-01,High Growth + High Concentration
P01,P01_T2,2024-06-01,41253.36252121115,2024-07-01,High Growth + High Concentration
P01,P01_T3,2024-06-01,20626.681260605576,2024-09-01,High Growth + High Concentration
P01,P01_T1,2024-07-01,154949.2518356431,2027-02-01,High Growth + High Concentration
P01,P01_T2,2024-07-01,44271.21481018375,2024-07-01,High Growth + High Concentration
P01,P01_T3,2024-07-01,22135.607405091876,2024-09-01,High Growth + High Concentration
P01,P01_T1,2024-08-01,150360.5177121591,2027-02-01,High Growth + High Concentration
P01,P01_T2,2024-08-01,42960.14791775975,2024-07-01,High Growth + High Concentration
P01,P01_T3,2024-08-01,21480.073958879875,2024-09-01,High Growth + High Concentration
P01,P01_T1,2024-09-01,153788.67105576248,2027-02-01,High Growth + High Concentration
P01,P01_T2,2024-09-01,43939.62030164643,2024-07-01,High Growth + High Concentration
P01,P01_T3,2024-09-01,21969.810150823214,2024-09-01,High Growth + High Concentration
P01,P01_T1,2024-10-01,166031.569780253,2027-02-01,High Growth + High Concentration
P01,P01_T2,2024-10-01,47437.591365786575,2024-07-01,High Growth + High Concentration
P01,P01_T3,2024-10-01,23718.795682893287,2024-09-01,High Growth + High Concentration
P01,P01_T1,2024-11-01,174666.81438660703,2027-02-01,High Growth + High Concentration
P01,P01_T2,2024-11-01,49904.804110459154,2024-07-01,High Growth + High Concentration
P01,P01_T3,2024-11-01,24952.402055229577,2024-09-01,High Growth + High Concentration
P01,P01_T1,2024-12-01,176940.50534985072,2027-02-01,High Growth + High Concentration
P01,P01_T2,2024-12-01,50554.43009995736,2024-07-01,High Growth + High Concentration
P01,P01_T3,2024-12-01,25277.21504997868,2024-09-01,High Growth + High Concentration
P02,P02_T1,2023-01-01,57782.27114837185,2026-12-01,High Growth + High Concentration
P02,P02_T2,2023-01-01,17779.160353345185,2024-05-01,High Growth + High Concentration
P02,P02_T3,2023-01-01,8889.580176672593,2024-07-01,High Growth + High Concentration
P02,P02_T4,2023-01-01,4444.790088336296,2024-05-01,High Growth + High Concentration
P02,P02_T1,2023-02-01,60573.108798693116,2026-12-01,High Growth + High Concentration
P02,P02_T2,2023-02-01,18637.87963036711,2024-05-01,High Growth + High Concentration
P02,P02_T3,2023-02-01,9318.939815183556,2024-07-01,High Growth + High Concentration
P02,P02_T4,2023-02-01,4659.469907591778,2024-05-01,High Growth + High Concentration
P02,P02_T1,2023-03-01,58908.827633313704,2026-12-01,High Growth + High Concentration
P02,P02_T2,2023-03-01,18125.793117942678,2024-05-01,High Growth + High Concentration
P02,P02_T3,2023-03-01,9062.896558971339,2024-07-01,High Growth + High Concentration
P02,P02_T4,2023-03-01,4531.448279485669,2024-05-01,High Growth + High Concentration
P02,P02_T1,2023-04-01,64056.882940113974,2026-12-01,High Growth + High Concentration
P02,P02_T2,2023-04-01,19709.810135419684,2024-05-01,High Growth + High Concentration
P02,P02_T3,2023-04-01,9854.905067709842,2024-07-01,High Growth + High Concentration
P02,P02_T4,2023-04-01,4927.452533854921,2024-05-01,High Growth + High Concentration
P02,P02_T1,2023-05-01,63129.15661404087,2026-12-01,High Growth + High Concentration
P02,P02_T2,2023-05-01,19424.355881243344,2024-05-01,High Growth + High Concentration
P02,P02_T3,2023-05-01,9712.177940621672,2024-07-01,High Growth + High Concentration
P02,P02_T4,2023-05-01,4856.088970310836,2024-05-01,High Growth + High Concentration
P02,P02_T1,2023-06-01,69100.01544788523,2026-12-01,High Growth + High Concentration
P02,P02_T2,2023-06-01,21261.543214733916,2024-05-01,High Growth + High Concentration
P02,P02_T3,2023-06-01,10630.771607366958,2024-07-01,High Growth + High Concentration
P02,P02_T4,2023-06-01,5315.385803683479,2024-05-01,High Growth + High Concentration
P02,P02_T1,2023-07-01,70755.24481415904,2026-12-01,High Growth + High Concentration
P02,P02_T2,2023-07-01,21770.84455820278,2024-05-01,High Growth + High Concentration
P02,P02_T3,2023-07-01,10885.42227910139,2024-07-01,High Growth + High Concentration
P02,P02_T4,2023-07-01,5442.711139550695,2024-05-01,High Growth + High Concentration
P02,P02_T1,2023-08-01,75230.43226466619,2026-12-01,High Growth + High Concentration
P02,P02_T2,2023-08-01,23147.82531220498,2024-05-01,High Growth + High Concentration
P02,P02_T3,2023-08-01,11573.91265610249,2024-07-01,High Growth + High Concentration
P02,P02_T4,2023-08-01,5786.956328051245,2024-05-01,High Growth + High Concentration
P02,P02_T1,2023-09-01,73863.83410053253,2026-12-01,High Growth + High Concentration
P02,P02_T2,2023-09-01,22727.33356939463,2024-05-01,High Growth + High Concentration
P02,P02_T3,2023-09-01,11363.666784697314,2024-07-01,High Growth + High Concentration
P02,P02_T4,2023-09-01,5681.833392348657,2024-05-01,High Growth + High Concentration
P02,P02_T1,2023-10-01,76752.87296022219,2026-12-01,High Growth + High Concentration
P02,P02_T2,2023-10-01,23616.26860314529,2024-05-01,High Growth + High Concentration
P02,P02_T3,2023-10-01,11808.134301572645,2024-07-01,High Growth + High Concentration
P02,P02_T4,2023-10-01,5904.067150786323,2024-05-01,High Growth + High Concentration
P02,P02_T1,2023-11-01,77623.70157946473,2026-12-01,High Growth + High Concentration
P02,P02_T2,2023-11-01,23884.215870604534,2024-05-01,High Growth + High Concentration
P02,P02_T3,2023-11-01,11942.107935302267,2024-07-01,High Growth + High Concentration
P02,P02_T4,2023-11-01,5971.0539676511335,2024-05-01,High Growth + High Concentration
P02,P02_T1,2023-12-01,82824.02692712795,2026-12-01,High Growth + High Concentration
P02,P02_T2,2023-12-01,25484.315977577833,2024-05-01,High Growth + High Concentration
P02,P02_T3,2023-12-01,12742.157988788917,2024-07-01,High Growth + High Concentration
P02,P02_T4,2023-12-01,6371.078994394458,2024-05-01,High Growth + High Concentration
P02,P02_T1,2024-01-01,87643.53368320614,2026-12-01,High Growth + High Concentration
P02,P02_T2,2024-01-01,26967.2411332942,2024-05-01,High Growth + High Concentration
P02,P02_T3,2024-01-01,13483.6205666471,2024-07-01,High Growth + High Concentration
P02,P02_T4,2024-01-01,6741.81028332355,2024-05-01,High Growth + High Concentration
P02,P02_T1,2024-02-01,90477.03079526985,2026-12-01,High Growth + High Concentration
P02,P02_T2,2024-02-01,27839.086398544572,2024-05-01,High Growth + High Concentration
P02,P02_T3,2024-02-01,13919.543199272286,2024-07-01,High Growth + High Concentration
P02,P02_T4,2024-02-01,6959.771599636143,2024-05-01,High Growth + High Concentration
P02,P02_T1,2024-03-01,92778.26582949086,2026-12-01,High Growth + High Concentration
P02,P02_T2,2024-03-01,28547.158716766422,2024-05-01,High Growth + High Concentration
P02,P02_T3,2024-03-01,14273.579358383211,2024-07-01,High Growth + High Concentration
P02,P02_T4,2024-03-01,7136.7896791916055,2024-05-01,High Growth + High Concentration
P02,P02_T1,2024-04-01,93858.10909017459,2026-12-01,High Growth + High Concentration
P02,P02_T2,2024-04-01,28879.41818159218,2024-05-01,High Growth + High Concentration
P02,P02_T3,2024-04-01,14439.70909079609,2024-07-01,High Growth + High Concentration
P02,P02_T4,2024-04-01,7219.854545398045,2024-05-01,High Growth + High Concentration
P02,P02_T1,2024-05-01,99637.84002888695,2026-12-01,High Growth + High Concentration
P02,P02_T2,2024-05-01,30657.796931965215,2024-05-01,High Growth + High Concentration
P02,P02_T3,2024-05-01,15328.898465982607,2024-07-01,High Growth + High Concentration
P02,P02_T4,2024-05-01,7664.449232991304,2024-05-01,High Growth + High Concentration
P02,P02_T1,2024-06-01,102836.55436532007,2026-12-01,High Growth + High Concentration
P02,P02_T2,2024-06-01,31642.01672779079,2024-05-01,High Growth + High Concentration
P02,P02_T3,2024-06-01,15821.008363895395,2024-07-01,High Growth + High Concentration
P02,P02_T4,2024-06-01,7910.504181947697,2024-05-01,High Growth + High Concentration
P02,P02_T1,2024-07-01,107445.69287000295,2026-12-01,High Growth + High Concentration
P02,P02_T2,2024-07-01,33060.21319077014,2024-05-01,High Growth + High Concentration
P02,P02_T3,2024-07-01,16530.10659538507,2024-07-01,High Growth + High Concentration
P02,P02_T4,2024-07-01,8265.053297692535,2024-05-01,High Growth + High Concentration
P02,P02_T1,2024-08-01,107549.27955814156,2026-12-01,High Growth + High Concentration
P02,P02_T2,2024-08-01,33092.08601788971,2024-05-01,High Growth + High Concentration
P02,P02_T3,2024-08-01,16546.043008944856,2024-07-01,High Growth + High Concentration
P02,P02_T4,2024-08-01,8273.021504472428,2024-05-01,High Growth + High Concentration
P02,P02_T1,2024-09-01,113323.64147809458,2026-12-01,High Growth + High Concentration
P02,P02_T2,2024-09-01,34868.81276249064,2024-05-01,High Growth + High Concentration
P02,P02_T3,2024-09-01,17434.40638124532,2024-07-01,High Growth + High Concentration
P02,P02_T4,2024-09-01,8717.20319062266,2024-05-01,High Growth + High Concentration
P02,P02_T1,2024-10-01,117011.95039693339,2026-12-01,High Growth + High Concentration
P02,P02_T2,2024-10-01,36003.67704521027,2024-05-01,High Growth + High Concentration
P02,P02_T3,2024-10-01,18001.838522605136,2024-07-01,High Growth + High Concentration
P02,P02_T4,2024-10-01,9000.919261302568,2024-05-01,High Growth + High Concentration
P02,P02_T1,2024-11-01,117948.51669497624,2026-12-01,High Growth + High Concentration
P02,P02_T2,2024-11-01,36291.85129076192,2024-05-01,High Growth + High Concentration
P02,P02_T3,2024-11-01,18145.92564538096,2024-07-01,High Growth + High Concentration
P02,P02_T4,2024-11-01,9072.96282269048,2024-05-01,High Growth + High Concentration
P02,P02_T1,2024-12-01,128648.53843666738,2026-12-01,High Growth + High Concentration
P02,P02_T2,2024-12-01,39584.16567282073,2024-05-01,High Growth + High Concentration
P02,P02_T3,2024-12-01,19792.082836410365,2024-07-01,High Growth + High Concentration
P02,P02_T4,2024-12-01,9896.041418205183,2024-05-01,High Growth + High Concentration
P03,P03_T1,2023-01-01,86569.94018455115,2027-09-01,High Growth + High Concentration
P03,P03_T2,2023-01-01,28007.921824413606,2024-11-01,High Growth + High Concentration
P03,P03_T3,2023-01-01,12730.87355655164,2024-04-01,High Growth + High Concentration
P03,P03_T1,2023-02-01,87597.70802799145,2027-09-01,High Growth + High Concentration
P03,P03_T2,2023-02-01,28340.434950232528,2024-11-01,High Growth + High Concentration
P03,P03_T3,2023-02-01,12882.015886469331,2024-04-01,High Growth + High Concentration
P03,P03_T1,2023-03-01,87018.6534393865,2027-09-01,High Growth + High Concentration
P03,P03_T2,2023-03-01,28153.093759801515,2024-11-01,High Growth + High Concentration
P03,P03_T3,2023-03-01,12796.86079990978,2024-04-01,High Growth + High Concentration
P03,P03_T1,2023-04-01,94078.7971325148,2027-09-01,High Growth + High Concentration
P03,P03_T2,2023-04-01,30437.25789581361,2024-11-01,High Growth + High Concentration
P03,P03_T3,2023-04-01,13835.117225369824,2024-04-01,High Growth + High Concentration
P03,P03_T1,2023-05-01,101188.71069506701,2027-09-01,High Growth + High Concentration
P03,P03_T2,2023-05-01,32737.524048404033,2024-11-01,High Growth + High Concentration
P03,P03_T3,2023-05-01,14880.69274927456,2024-04-01,High Growth + High Concentration
P03,P03_T1,2023-06-01,96402.42699447261,2027-09-01,High Growth + High Concentration
P03,P03_T2,2023-06-01,31189.020498211725,2024-11-01,High Growth + High Concentration
P03,P03_T3,2023-06-01,14176.827499187148,2024-04-01,High Growth + High Concentration
P03,P03_T1,2023-07-01,93822.48260152807,2027-09-01,High Growth + High Concentration
P03,P03_T2,2023-07-01,30354.332606376727,2024-11-01,High Growth + High Concentration
P03,P03_T3,2023-07-01,13797.423911989423,2024-04-01,High Growth + High Concentration
P03,P03_T1,2023-08-01,106917.14331764239,2027-09-01,High Growth + High Concentration
P03,P03_T2,2023-08-01,34590.840485119596,2024-11-01,High Growth + High Concentration
P03,P03_T3,2023-08-01,15723.109311417997,2024-04-01,High Growth + High Concentration
P03,P03_T1,2023-09-01,107182.82705389039,2027-09-01,High Growth + High Concentration
P03,P03_T2,2023-09-01,34676.79698802336,2024-11-01,High Growth + High Concentration
P03,P03_T3,2023-09-01,15762.180449101528,2024-04-01,High Growth + High Concentration
P03,P03_T1,2023-10-01,113292.52735031457,2027-09-01,High Growth + High Concentration
P03,P03_T2,2023-10-01,36653.464730984124,2024-11-01,High Growth + High Concentration
P03,P03_T3,2023-10-01,16660.665786810965,2024-04-01,High Growth + High Concentration
P03,P03_T1,2023-11-01,110516.81274056858,2027-09-01,High Growth + High Concentration
P03,P03_T2,2023-11-01,35755.4394160663,2024-11-01,High Growth + High Concentration
P03,P03_T3,2023-11-01,16252.47246184832,2024-04-01,High Growth + High Concentration
P03,P03_T1,2023-12-01,111735.40192324607,2027-09-01,High Growth + High Concentration
P03,P03_T2,2023-12-01,36149.688857520785,2024-11-01,High Growth + High Concentration
P03,P03_T3,2023-12-01,16431.67675341854,2024-04-01,High Growth + High Concentration
P03,P03_T1,2024-01-01,118387.10410777712,2027-09-01,High Growth + High Concentration
P03,P03_T2,2024-01-01,38301.71015251613,2024-11-01,High Growth + High Concentration
P03,P03_T3,2024-01-01,17409.868251143693,2024-04-01,High Growth + High Concentration
P03,P03_T1,2024-02-01,120953.82063201643,2027-09-01,High Growth + High Concentration
P03,P03_T2,2024-02-01,39132.11843977002,2024-11-01,High Growth + High Concentration
P03,P03_T3,2024-02-01,17787.326563531828,2024-04-01,High Growth + High Concentration
P03,P03_T1,2024-03-01,126057.87671653574,2027-09-01,High Growth + High Concentration
P03,P03_T2,2024-03-01,40783.430702408616,2024-11-01,High Growth + High Concentration
P03,P03_T3,2024-03-01,18537.92304654937,2024-04-01,High Growth + High Concentration
P03,P03_T1,2024-04-01,126169.71844415457,2027-09-01,High Growth + High Concentration
P03,P03_T2,2024-04-01,40819.614790755884,2024-11-01,High Growth + High Concentration
P03,P03_T3,2024-04-01,18554.370359434495,2024-04-01,High Growth + High Concentration
P03,P03_T1,2024-05-01,131117.66614756885,2027-09-01,High Growth + High Concentration
P03,P03_T2,2024-05-01,42420.421400684034,2024-11-01,High Growth + High Concentration
P03,P03_T3,2024-05-01,19282.009727583652,2024-04-01,High Growth + High Concentration
P03,P03_T1,2024-06-01,141346.20776333456,2027-09-01,High Growth + High Concentration
P03,P03_T2,2024-06-01,45729.65545284353,2024-11-01,High Growth + High Concentration
P03,P03_T3,2024-06-01,20786.207024019786,2024-04-01,High Growth + High Concentration
P03,P03_T1,2024-07-01,150618.90568965513,2027-09-01,High Growth + High Concentration
P03,P03_T2,2024-07-01,48729.64595841784,2024-11-01,High Growth + High Concentration
P03,P03_T3,2024-07-01,22149.839072008108,2024-04-01,High Growth + High Concentration
P03,P03_T1,2024-08-01,149606.78147460008,2027-09-01,High Growth + High Concentration
P03,P03_T2,2024-08-01,48402.19400648826,2024-11-01,High Growth + High Concentration
P03,P03_T3,2024-08-01,22000.99727567648,2024-04-01,High Growth + High Concentration
P03,P03_T1,2024-09-01,153163.39713303355,2027-09-01,High Growth + High Concentration
P03,P03_T2,2024-09-01,49552.86377833438,2024-11-01,High Growth + High Concentration
P03,P03_T3,2024-09-01,22524.028990151994,2024-04-01,High Growth + High Concentration
P03,P03_T1,2024-10-01,152960.4670437104,2027-09-01,High Growth + High Concentration
P03,P03_T2,2024-10-01,49487.2099259063,2024-11-01,High Growth + High Concentration
P03,P03_T3,2024-10-01,22494.186329957414,2024-04-01,High Growth + High Concentration
P03,P03_T1,2024-11-01,154912.17742506054,2027-09-01,High Growth + High Concentration
P03,P03_T2,2024-11-01,50118.645637519585,2024-11-01,High Growth + High Concentration
P03,P03_T3,2024-11-01,22781.2025625089,2024-04-01,High Growth + High Concentration
P03,P03_T1,2024-12-01,166301.9616701968,2027-09-01,High Growth + High Concentration
P03,P03_T2,2024-12-01,53803.57583447543,2024-11-01,High Growth + High Concentration
P03,P03_T3,2024-12-01,24456.17083385247,2024-04-01,High Growth + High Concentration
P04,P04_T1,2023-01-01,23958.51796791842,2026-07-01,Stable + Diversified
P04,P04_T2,2023-01-01,23958.51796791842,2026-05-01,Stable + Diversified
P04,P04_T3,2023-01-01,19166.814374334735,2026-04-01,Stable + Diversified
P04,P04_T4,2023-01-01,14375.11078075105,2024-12-01,Stable + Diversified
P04,P04_T5,2023-01-01,14375.11078075105,2027-10-01,Stable + Diversified
P04,P04_T1,2023-02-01,24332.60107131672,2026-07-01,Stable + Diversified
P04,P04_T2,2023-02-01,24332.60107131672,2026-05-01,Stable + Diversified
P04,P04_T3,2023-02-01,19466.080857053377,2026-04-01,Stable + Diversified
P04,P04_T4,2023-02-01,14599.560642790031,2024-12-01,Stable + Diversified
P04,P04_T5,2023-02-01,14599.560642790031,2027-10-01,Stable + Diversified
P04,P04_T1,2023-03-01,24444.82745182858,2026-07-01,Stable + Diversified
P04,P04_T2,2023-03-01,24444.82745182858,2026-05-01,Stable + Diversified
P04,P04_T3,2023-03-01,19555.861961462866,2026-04-01,Stable + Diversified
P04,P04_T4,2023-03-01,14666.896471097147,2024-12-01,Stable + Diversified
P04,P04_T5,2023-03-01,14666.896471097147,2027-10-01,Stable + Diversified
P04,P04_T1,2023-04-01,24779.878871653826,2026-07-01,Stable + Diversified
P04,P04_T2,2023-04-01,24779.878871653826,2026-05-01,Stable + Diversified
P04,P04_T3,2023-04-01,19823.903097323062,2026-04-01,Stable + Diversified
P04,P04_T4,2023-04-01,14867.927322992295,2024-12-01,Stable + Diversified
P04,P04_T5,2023-04-01,14867.927322992295,2027-10-01,Stable + Diversified
P04,P04_T1,2023-05-01,24731.927597143564,2026-07-01,Stable + Diversified
P04,P04_T2,2023-05-01,24731.927597143564,2026-05-01,Stable + Diversified
P04,P04_T3,2023-05-01,19785.542077714854,2026-04-01,Stable + Diversified
P04,P04_T4,2023-05-01,14839.156558286137,2024-12-01,Stable + Diversified
P04,P04_T5,2023-05-01,14839.156558286137,2027-10-01,Stable + Diversified
P04,P04_T1,2023-06-01,25426.774262119434,2026-07-01,Stable + Diversified
P04,P04_T2,2023-06-01,25426.774262119434,2026-05-01,Stable + Diversified
P04,P04_T3,2023-06-01,20341.419409695547,2026-04-01,Stable + Diversified
P04,P04_T4,2023-06-01,15256.06455727166,2024-12-01,Stable + Diversified
P04,P04_T5,2023-06-01,15256.06455727166,2027-10-01,Stable + Diversified
P04,P04_T1,2023-07-01,25466.97182747,2026-07-01,Stable + Diversified
P04,P04_T2,2023-07-01,25466.97182747,2026-05-01,Stable + Diversified
P04,P04_T3,2023-07-01,20373.577461976,2026-04-01,Stable + Diversified
P04,P04_T4,2023-07-01,15280.183096481998,2024-12-01,Stable + Diversified
P04,P04_T5,2023-07-01,15280.183096481998,2027-10-01,Stable + Diversified
P04,P04_T1,2023-08-01,25510.731082651,2026-07-01,Stable + Diversified
P04,P04_T2,2023-08-01,25510.731082651,2026-05-01,Stable + Diversified
P04,P04_T3,2023-08-01,20408.5848661208,2026-04-01,Stable + Diversified
P04,P04_T4,2023-08-01,15306.4386495906,2024-12-01,Stable + Diversified
P04,P04_T5,2023-08-01,15306.4386495906,2027-10-01,Stable + Diversified
P04,P04_T1,2023-09-01,26196.572515487078,2026-07-01,Stable + Diversified
P04,P04_T2,2023-09-01,26196.572515487078,2026-05-01,Stable + Diversified
P04,P04_T3,2023-09-01,20957.258012389662,2026-04-01,Stable + Diversified
P04,P04_T4,2023-09-01,15717.943509292247,2024-12-01,Stable + Diversified
P04,P04_T5,2023-09-01,15717.943509292247,2027-10-01,Stable + Diversified
P04,P04_T1,2023-10-01,26210.378707205236,2026-07-01,Stable + Diversified
P04,P04_T2,2023-10-01,26210.378707205236,2026-05-01,Stable + Diversified
P04,P04_T3,2023-10-01,20968.30296576419,2026-04-01,Stable + Diversified
P04,P04_T4,2023-10-01,15726.227224323142,2024-12-01,Stable + Diversified
P04,P04_T5,2023-10-01,15726.227224323142,2027-10-01,Stable + Diversified
P04,P04_T1,2023-11-01,26297.048281405125,2026-07-01,Stable + Diversified
P04,P04_T2,2023-11-01,26297.048281405125,2026-05-01,Stable + Diversified
P04,P04_T3,2023-11-01,21037.638625124102,2026-04-01,Stable + Diversified
P04,P04_T4,2023-11-01,15778.228968843074,2024-12-01,Stable + Diversified
P04,P04_T5,2023-11-01,15778.228968843074,2027-10-01,Stable + Diversified
P04,P04_T1,2023-12-01,26780.196389658748,2026-07-01,Stable + Diversified
P04,P04_T2,2023-12-01,26780.196389658748,2026-05-01,Stable + Diversified
P04,P04_T3,2023-12-01,21424.157111727,2026-04-01,Stable + Diversified
P04,P04_T4,2023-12-01,16068.117833795248,2024-12-01,Stable + Diversified
P04,P04_T5,2023-12-01,16068.117833795248,2027-10-01,Stable + Diversified
P04,P04_T1,2024-01-01,26846.947970186233,2026-07-01,Stable + Diversified
P04,P04_T2,2024-01-01,26846.947970186233,2026-05-01,Stable + Diversified
P04,P04_T3,2024-01-01,21477.558376148987,2026-04-01,Stable + Diversified
P04,P04_T4,2024-01-01,16108.16878211174,2024-12-01,Stable + Diversified
P04,P04_T5,2024-01-01,16108.16878211174,2027-10-01,Stable + Diversified
P04,P04_T1,2024-02-01,27313.53244737842,2026-07-01,Stable + Diversified
P04,P04_T2,2024-02-01,27313.53244737842,2026-05-01,Stable + Diversified
P04,P04_T3,2024-02-01,21850.825957902736,2026-04-01,Stable + Diversified
P04,P04_T4,2024-02-01,16388.119468427052,2024-12-01,Stable + Diversified
P04,P04_T5,2024-02-01,16388.119468427052,2027-10-01,Stable + Diversified
P04,P04_T1,2024-03-01,27695.400398984035,2026-07-01,Stable + Diversified
P04,P04_T2,2024-03-01,27695.400398984035,2026-05-01,Stable + Diversified
P04,P04_T3,2024-03-01,22156.32031918723,2026-04-01,Stable + Diversified
P04,P04_T4,2024-03-01,16617.24023939042,2024-12-01,Stable + Diversified
P04,P04_T5,2024-03-01,16617.24023939042,2027-10-01,Stable + Diversified
P04,P04_T1,2024-04-01,27912.82988140467,2026-07-01,Stable + Diversified
P04,P04_T2,2024-04-01,27912.82988140467,2026-05-01,Stable + Diversified
P04,P04_T3,2024-04-01,22330.263905123735,2026-04-01,Stable + Diversified
P04,P04_T4,2024-04-01,16747.6979288428,2024-12-01,Stable + Diversified
P04,P04_T5,2024-04-01,16747.6979288428,2027-10-01,Stable + Diversified
P04,P04_T1,2024-05-01,27974.56047752919,2026-07-01,Stable + Diversified
P04,P04_T2,2024-05-01,27974.56047752919,2026-05-01,Stable + Diversified
P04,P04_T3,2024-05-01,22379.648382023355,2026-04-01,Stable + Diversified
P04,P04_T4,2024-05-01,16784.736286517513,2024-12-01,Stable + Diversified
P04,P04_T5,2024-05-01,16784.736286517513,2027-10-01,Stable + Diversified
P04,P04_T1,2024-06-01,28485.619122091015,2026-07-01,Stable + Diversified
P04,P04_T2,2024-06-01,28485.619122091015,2026-05-01,Stable + Diversified
P04,P04_T3,2024-06-01,22788.495297672813,2026-04-01,Stable + Diversified
P04,P04_T4,2024-06-01,17091.371473254607,2024-12-01,Stable + Diversified
P04,P04_T5,2024-06-01,17091.371473254607,2027-10-01,Stable + Diversified
P04,P04_T1,2024-07-01,28996.88627961587,2026-07-01,Stable + Diversified
P04,P04_T2,2024-07-01,28996.88627961587,2026-05-01,Stable + Diversified
P04,P04_T3,2024-07-01,23197.509023692695,2026-04-01,Stable + Diversified
P04,P04_T4,2024-07-01,17398.13176776952,2024-12-01,Stable + Diversified
P04,P04_T5,2024-07-01,17398.13176776952,2027-10-01,Stable + Diversified
P04,P04_T1,2024-08-01,28835.210182972904,2026-07-01,Stable + Diversified
P04,P04_T2,2024-08-01,28835.210182972904,2026-05-01,Stable + Diversified
P04,P04_T3,2024-08-01,23068.168146378324,2026-04-01,Stable + Diversified
P04,P04_T4,2024-08-01,17301.12610978374,2024-12-01,Stable + Diversified
P04,P04_T5,2024-08-01,17301.12610978374,2027-10-01,Stable + Diversified
P04,P04_T1,2024-09-01,29478.409952872324,2026-07-01,Stable + Diversified
P04,P04_T2,2024-09-01,29478.409952872324,2026-05-01,Stable + Diversified
P04,P04_T3,2024-09-01,23582.72796229786,2026-04-01,Stable + Diversified
P04,P04_T4,2024-09-01,17687.045971723393,2024-12-01,Stable + Diversified
P04,P04_T5,2024-09-01,17687.045971723393,2027-10-01,Stable + Diversified
P04,P04_T1,2024-10-01,29759.65914574256,2026-07-01,Stable + Diversified
P04,P04_T2,2024-10-01,29759.65914574256,2026-05-01,Stable + Diversified
P04,P04_T3,2024-10-01,23807.72731659405,2026-04-01,Stable + Diversified
P04,P04_T4,2024-10-01,17855.795487445535,2024-12-01,Stable + Diversified
P04,P04_T5,2024-10-01,17855.795487445535,2027-10-01,Stable + Diversified
P04,P04_T1,2024-11-01,29875.891942361843,2026-07-01,Stable + Diversified
P04,P04_T2,2024-11-01,29875.891942361843,2026-05-01,Stable + Diversified
P04,P04_T3,2024-11-01,23900.713553889476,2026-04-01,Stable + Diversified
P04,P04_T4,2024-11-01,17925.535165417106,2024-12-01,Stable + Diversified
P04,P04_T5,2024-11-01,17925.535165417106,2027-10-01,Stable + Diversified
P04,P04_T1,2024-12-01,30311.0779247516,2026-07-01,Stable + Diversified
P04,P04_T2,2024-12-01,30311.0779247516,2026-05-01,Stable + Diversified
P04,P04_T3,2024-12-01,24248.862339801282,2026-04-01,Stable + Diversified
P04,P04_T4,2024-12-01,18186.64675485096,2024-12-01,Stable + Diversified
P04,P04_T5,2024-12-01,18186.64675485096,2027-10-01,Stable + Diversified
P05,P05_T1,2023-01-01,22016.17835470935,2027-06-01,Stable + Diversified
P05,P05_T2,2023-01-01,22016.17835470935,2027-01-01,Stable + Diversified
P05,P05_T3,2023-01-01,22016.17835470935,2027-07-01,Stable + Diversified
P05,P05_T4,2023-01-01,16512.133766032013,2026-06-01,Stable + Diversified
P05,P05_T5,2023-01-01,16512.133766032013,2027-08-01,Stable + Diversified
P05,P05_T6,2023-01-01,11008.089177354675,2024-12-01,Stable + Diversified
P05,P05_T1,2023-02-01,22246.2033538406,2027-06-01,Stable + Diversified
P05,P05_T2,2023-02-01,22246.2033538406,2027-01-01,Stable + Diversified
P05,P05_T3,2023-02-01,22246.2033538406,2027-07-01,Stable + Diversified
P05,P05_T4,2023-02-01,16684.652515380447,2026-06-01,Stable + Diversified
P05,P05_T5,2023-02-01,16684.652515380447,2027-08-01,Stable + Diversified
P05,P05_T6,2023-02-01,11123.1016769203,2024-12-01,Stable + Diversified
P05,P05_T1,2023-03-01,22310.774010712976,2027-06-01,Stable + Diversified
P05,P05_T2,2023-03-01,22310.774010712976,2027-01-01,Stable + Diversified
P05,P05_T3,2023-03-01,22310.774010712976,2027-07-01,Stable + Diversified
P05,P05_T4,2023-03-01,16733.08050803473,2026-06-01,Stable + Diversified
P05,P05_T5,2023-03-01,16733.08050803473,2027-08-01,Stable + Diversified
P05,P05_T6,2023-03-01,11155.387005356488,2024-12-01,Stable + Diversified
P05,P05_T1,2023-04-01,22570.4491879469,2027-06-01,Stable + Diversified
P05,P05_T2,2023-04-01,22570.4491879469,2027-01-01,Stable + Diversified
P05,P05_T3,2023-04-01,22570.4491879469,2027-07-01,Stable + Diversified
P05,P05_T4,2023-04-01,16927.836890960174,2026-06-01,Stable + Diversified
P05,P05_T5,2023-04-01,16927.836890960174,2027-08-01,Stable + Diversified
P05,P05_T6,2023-04-01,11285.22459397345,2024-12-01,Stable + Diversified
P05,P05_T1,2023-05-01,22492.22195568813,2027-06-01,Stable + Diversified
P05,P05_T2,2023-05-01,22492.22195568813,2027-01-01,Stable + Diversified
P05,P05_T3,2023-05-01,22492.22195568813,2027-07-01,Stable + Diversified
P05,P05_T4,2023-05-01,16869.166466766095,2026-06-01,Stable + Diversified
P05,P05_T5,2023-05-01,16869.166466766095,2027-08-01,Stable + Diversified
P05,P05_T6,2023-05-01,11246.110977844064,2024-12-01,Stable + Diversified
P05,P05_T1,2023-06-01,22740.948915872214,2027-06-01,Stable + Diversified
P05,P05_T2,2023-06-01,22740.948915872214,2027-01-01,Stable + Diversified
P05,P05_T3,2023-06-01,22740.948915872214,2027-07-01,Stable + Diversified
P05,P05_T4,2023-06-01,17055.711686904157,2026-06-01,Stable + Diversified
P05,P05_T5,2023-06-01,17055.711686904157,2027-08-01,Stable + Diversified
P05,P05_T6,2023-06-01,11370.474457936107,2024-12-01,Stable + Diversified
P05,P05_T1,2023-07-01,22882.7306335696,2027-06-01,Stable + Diversified
P05,P05_T2,2023-07-01,22882.7306335696,2027-01-01,Stable + Diversified
P05,P05_T3,2023-07-01,22882.7306335696,2027-07-01,Stable + Diversified
P05,P05_T4,2023-07-01,17162.0479751772,2026-06-01,Stable + Diversified
P05,P05_T5,2023-07-01,17162.0479751772,2027-08-01,Stable + Diversified
P05,P05_T6,2023-07-01,11441.3653167848,2024-12-01,Stable + Diversified
P05,P05_T1,2023-08-01,22931.32980791957,2027-06-01,Stable + Diversified
P05,P05_T2,2023-08-01,22931.32980791957,2027-01-01,Stable + Diversified
P05,P05_T3,2023-08-01,22931.32980791957,2027-07-01,Stable + Diversified
P05,P05_T4,2023-08-01,17198.497355939675,2026-06-01,Stable + Diversified
P05,P05_T5,2023-08-01,17198.497355939675,2027-08-01,Stable + Diversified
P05,P05_T6,2023-08-01,11465.664903959785,2024-12-01,Stable + Diversified
P05,P05_T1,2023-09-01,22809.16935713118,2027-06-01,Stable + Diversified
P05,P05_T2,2023-09-01,22809.16935713118,2027-01-01,Stable + Diversified
P05,P05_T3,2023-09-01,22809.16935713118,2027-07-01,Stable + Diversified
P05,P05_T4,2023-09-01,17106.877017848383,2026-06-01,Stable + Diversified
P05,P05_T5,2023-09-01,17106.877017848383,2027-08-01,Stable + Diversified
P05,P05_T6,2023-09-01,11404.58467856559,2024-12-01,Stable + Diversified
P05,P05_T1,2023-10-01,23097.611018001644,2027-06-01,Stable + Diversified
P05,P05_T2,2023-10-01,23097.611018001644,2027-01-01,Stable + Diversified
P05,P05_T3,2023-10-01,23097.611018001644,2027-07-01,Stable + Diversified
P05,P05_T4,2023-10-01,17323.20826350123,2026-06-01,Stable + Diversified
P05,P05_T5,2023-10-01,17323.20826350123,2027-08-01,Stable + Diversified
P05,P05_T6,2023-10-01,11548.805509000822,2024-12-01,Stable + Diversified
P05,P05_T1,2023-11-01,23346.612480463602,2027-06-01,Stable + Diversified
P05,P05_T2,2023-11-01,23346.612480463602,2027-01-01,Stable + Diversified
P05,P05_T3,2023-11-01,23346.612480463602,2027-07-01,Stable + Diversified
P05,P05_T4,2023-11-01,17509.9593603477,2026-06-01,Stable + Diversified
P05,P05_T5,2023-11-01,17509.9593603477,2027-08-01,Stable + Diversified
P05,P05_T6,2023-11-01,11673.306240231801,2024-12-01,Stable + Diversified
P05,P05_T1,2023-12-01,23285.07349052606,2027-06-01,Stable + Diversified
P05,P05_T2,2023-12-01,23285.07349052606,2027-01-01,Stable + Diversified
P05,P05_T3,2023-12-01,23285.07349052606,2027-07-01,Stable + Diversified
P05,P05_T4,2023-12-01,17463.805117894542,2026-06-01,Stable + Diversified
P05,P05_T5,2023-12-01,17463.805117894542,2027-08-01,Stable + Diversified
P05,P05_T6,2023-12-01,11642.53674526303,2024-12-01,Stable + Diversified
P05,P05_T1,2024-01-01,23264.32530528466,2027-06-01,Stable + Diversified
P05,P05_T2,2024-01-01,23264.32530528466,2027-01-01,Stable + Diversified
P05,P05_T3,2024-01-01,23264.32530528466,2027-07-01,Stable + Diversified
P05,P05_T4,2024-01-01,17448.243978963492,2026-06-01,Stable + Diversified
P05,P05_T5,2024-01-01,17448.243978963492,2027-08-01,Stable + Diversified
P05,P05_T6,2024-01-01,11632.16265264233,2024-12-01,Stable + Diversified
P05,P05_T1,2024-02-01,23663.872565295125,2027-06-01,Stable + Diversified
P05,P05_T2,2024-02-01,23663.872565295125,2027-01-01,Stable + Diversified
P05,P05_T3,2024-02-01,23663.872565295125,2027-07-01,Stable + Diversified
P05,P05_T4,2024-02-01,17747.904423971344,2026-06-01,Stable + Diversified
P05,P05_T5,2024-02-01,17747.904423971344,2027-08-01,Stable + Diversified
P05,P05_T6,2024-02-01,11831.936282647563,2024-12-01,Stable + Diversified
P05,P05_T1,2024-03-01,23895.46170533118,2027-06-01,Stable + Diversified
P05,P05_T2,2024-03-01,23895.46170533118,2027-01-01,Stable + Diversified
P05,P05_T3,2024-03-01,23895.46170533118,2027-07-01,Stable + Diversified
P05,P05_T4,2024-03-01,17921.596278998386,2026-06-01,Stable + Diversified
P05,P05_T5,2024-03-01,17921.596278998386,2027-08-01,Stable + Diversified
P05,P05_T6,2024-03-01,11947.73085266559,2024-12-01,Stable + Diversified
P05,P05_T1,2024-04-01,23795.202292061902,2027-06-01,Stable + Diversified
P05,P05_T2,2024-04-01,23795.202292061902,2027-01-01,Stable + Diversified
P05,P05_T3,2024-04-01,23795.202292061902,2027-07-01,Stable + Diversified
P05,P05_T4,2024-04-01,17846.401719046426,2026-06-01,Stable + Diversified
P05,P05_T5,2024-04-01,17846.401719046426,2027-08-01,Stable + Diversified
P05,P05_T6,2024-04-01,11897.601146030951,2024-12-01,Stable + Diversified
P05,P05_T1,2024-05-01,24058.959824780002,2027-06-01,Stable + Diversified
P05,P05_T2,2024-05-01,24058.959824780002,2027-01-01,Stable + Diversified
P05,P05_T3,2024-05-01,24058.959824780002,2027-07-01,Stable + Diversified
P05,P05_T4,2024-05-01,18044.219868585,2026-06-01,Stable + Diversified
P05,P05_T5,2024-05-01,18044.219868585,2027-08-01,Stable + Diversified
P05,P05_T6,2024-05-01,12029.479912390001,2024-12-01,Stable + Diversified
P05,P05_T1,2024-06-01,24037.370269303734,2027-06-01,Stable + Diversified
P05,P05_T2,2024-06-01,24037.370269303734,2027-01-01,Stable + Diversified
P05,P05_T3,2024-06-01,24037.370269303734,2027-07-01,Stable + Diversified
P05,P05_T4,2024-06-01,18028.0277019778,2026-06-01,Stable + Diversified
P05,P05_T5,2024-06-01,18028.0277019778,2027-08-01,Stable + Diversified
P05,P05_T6,2024-06-01,12018.685134651867,2024-12-01,Stable + Diversified
P05,P05_T1,2024-07-01,24297.120123929897,2027-06-01,Stable + Diversified
P05,P05_T2,2024-07-01,24297.120123929897,2027-01-01,Stable + Diversified
P05,P05_T3,2024-07-01,24297.120123929897,2027-07-01,Stable + Diversified
P05,P05_T4,2024-07-01,18222.84009294742,2026-06-01,Stable + Diversified
P05,P05_T5,2024-07-01,18222.84009294742,2027-08-01,Stable + Diversified
P05,P05_T6,2024-07-01,12148.560061964949,2024-12-01,Stable + Diversified
P05,P05_T1,2024-08-01,24473.382568224893,2027-06-01,Stable + Diversified
P05,P05_T2,2024-08-01,24473.382568224893,2027-01-01,Stable + Diversified
P05,P05_T3,2024-08-01,24473.382568224893,2027-07-01,Stable + Diversified
P05,P05_T4,2024-08-01,18355.03692616867,2026-06-01,Stable + Diversified
P05,P05_T5,2024-08-01,18355.03692616867,2027-08-01,Stable + Diversified
P05,P05_T6,2024-08-01,12236.691284112447,2024-12-01,Stable + Diversified
P05,P05_T1,2024-09-01,24311.450181258824,2027-06-01,Stable + Diversified
P05,P05_T2,2024-09-01,24311.450181258824,2027-01-01,Stable + Diversified
P05,P05_T3,2024-09-01,24311.450181258824,2027-07-01,Stable + Diversified
P05,P05_T4,2024-09-01,18233.587635944117,2026-06-01,Stable + Diversified
P05,P05_T5,2024-09-01,18233.587635944117,2027-08-01,Stable + Diversified
P05,P05_T6,2024-09-01,12155.725090629412,2024-12-01,Stable + Diversified
P05,P05_T1,2024-10-01,24761.177997678213,2027-06-01,Stable + Diversified
P05,P05_T2,2024-10-01,24761.177997678213,2027-01-01,Stable + Diversified
P05,P05_T3,2024-10-01,24761.177997678213,2027-07-01,Stable + Diversified
P05,P05_T4,2024-10-01,18570.88349825866,2026-06-01,Stable + Diversified
P05,P05_T5,2024-10-01,18570.88349825866,2027-08-01,Stable + Diversified
P05,P05_T6,2024-10-01,12380.588998839106,2024-12-01,Stable + Diversified
P05,P05_T1,2024-11-01,24862.436005014024,2027-06-01,Stable + Diversified
P05,P05_T2,2024-11-01,24862.436005014024,2027-01-01,Stable + Diversified
P05,P05_T3,2024-11-01,24862.436005014024,2027-07-01,Stable + Diversified
P05,P05_T4,2024-11-01,18646.827003760518,2026-06-01,Stable + Diversified
P05,P05_T5,2024-11-01,18646.827003760518,2027-08-01,Stable + Diversified
P05,P05_T6,2024-11-01,12431.218002507012,2024-12-01,Stable + Diversified
P05,P05_T1,2024-12-01,24820.925560456315,2027-06-01,Stable + Diversified
P05,P05_T2,2024-12-01,24820.925560456315,2027-01-01,Stable + Diversified
P05,P05_T3,2024-12-01,24820.925560456315,2027-07-01,Stable + Diversified
P05,P05_T4,2024-12-01,18615.694170342234,2026-06-01,Stable + Diversified
P05,P05_T5,2024-12-01,18615.694170342234,2027-08-01,Stable + Diversified
P05,P05_T6,2024-12-01,12410.462780228157,2024-12-01,Stable + Diversified
P06,P06_T1,2023-01-01,27015.688805369096,2027-06-01,Stable + Diversified
P06,P06_T2,2023-01-01,22513.07400447425,2026-08-01,Stable + Diversified
P06,P06_T3,2023-01-01,22513.07400447425,2026-06-01,Stable + Diversified
P06,P06_T4,2023-01-01,18010.4592035794,2024-12-01,Stable + Diversified
P06,P06_T1,2023-02-01,27006.002701886526,2027-06-01,Stable + Diversified
P06,P06_T2,2023-02-01,22505.002251572107,2026-08-01,Stable + Diversified
P06,P06_T3,2023-02-01,22505.002251572107,2026-06-01,Stable + Diversified
P06,P06_T4,2023-02-01,18004.001801257687,2024-12-01,Stable + Diversified
P06,P06_T1,2023-03-01,26984.749426307288,2027-06-01,Stable + Diversified
P06,P06_T2,2023-03-01,22487.291188589406,2026-08-01,Stable + Diversified
P06,P06_T3,2023-03-01,22487.291188589406,2026-06-01,Stable + Diversified
P06,P06_T4,2023-03-01,17989.832950871525,2024-12-01,Stable + Diversified
P06,P06_T1,2023-04-01,26891.458227348612,2027-06-01,Stable + Diversified
P06,P06_T2,2023-04-01,22409.548522790512,2026-08-01,Stable + Diversified
P06,P06_T3,2023-04-01,22409.548522790512,2026-06-01,Stable + Diversified
P06,P06_T4,2023-04-01,17927.63881823241,2024-12-01,Stable + Diversified
P06,P06_T1,2023-05-01,26948.116627794047,2027-06-01,Stable + Diversified
P06,P06_T2,2023-05-01,22456.76385649504,2026-08-01,Stable + Diversified
P06,P06_T3,2023-05-01,22456.76385649504,2026-06-01,Stable + Diversified
P06,P06_T4,2023-05-01,17965.411085196032,2024-12-01,Stable + Diversified
P06,P06_T1,2023-06-01,26992.229882515338,2027-06-01,Stable + Diversified
P06,P06_T2,2023-06-01,22493.524902096116,2026-08-01,Stable + Diversified
P06,P06_T3,2023-06-01,22493.524902096116,2026-06-01,Stable + Diversified
P06,P06_T4,2023-06-01,17994.819921676895,2024-12-01,Stable + Diversified
P06,P06_T1,2023-07-01,27101.569293083194,2027-06-01,Stable + Diversified
P06,P06_T2,2023-07-01,22584.64107756933,2026-08-01,Stable + Diversified
P06,P06_T3,2023-07-01,22584.64107756933,2026-06-01,Stable + Diversified
P06,P06_T4,2023-07-01,18067.712862055465,2024-12-01,Stable + Diversified
P06,P06_T1,2023-08-01,26971.940509022876,2027-06-01,Stable + Diversified
P06,P06_T2,2023-08-01,22476.617090852396,2026-08-01,Stable + Diversified
P06,P06_T3,2023-08-01,22476.617090852396,2026-06-01,Stable + Diversified
P06,P06_T4,2023-08-01,17981.293672681917,2024-12-01,Stable + Diversified
P06,P06_T1,2023-09-01,26856.602289098457,2027-06-01,Stable + Diversified
P06,P06_T2,2023-09-01,22380.50190758205,2026-08-01,Stable + Diversified
P06,P06_T3,2023-09-01,22380.50190758205,2026-06-01,Stable + Diversified
P06,P06_T4,2023-09-01,17904.40152606564,2024-12-01,Stable + Diversified
P06,P06_T1,2023-10-01,27150.069840580985,2027-06-01,Stable + Diversified
P06,P06_T2,2023-10-01,22625.058200484156,2026-08-01,Stable + Diversified
P06,P06_T3,2023-10-01,22625.058200484156,2026-06-01,Stable + Diversified
P06,P06_T4,2023-10-01,18100.046560387327,2024-12-01,Stable + Diversified
P06,P06_T1,2023-11-01,27196.85102924103,2027-06-01,Stable + Diversified
P06,P06_T2,2023-11-01,22664.042524367524,2026-08-01,Stable + Diversified
P06,P06_T3,2023-11-01,22664.042524367524,2026-06-01,Stable + Diversified
P06,P06_T4,2023-11-01,18131.23401949402,2024-12-01,Stable + Diversified
P06,P06_T1,2023-12-01,26974.88746660081,2027-06-01,Stable + Diversified
P06,P06_T2,2023-12-01,22479.07288883401,2026-08-01,Stable + Diversified
P06,P06_T3,2023-12-01,22479.07288883401,2026-06-01,Stable + Diversified
P06,P06_T4,2023-12-01,17983.25831106721,2024-12-01,Stable + Diversified
P06,P06_T1,2024-01-01,27254.99775031225,2027-06-01,Stable + Diversified
P06,P06_T2,2024-01-01,22712.49812526021,2026-08-01,Stable + Diversified
P06,P06_T3,2024-01-01,22712.49812526021,2026-06-01,Stable + Diversified
P06,P06_T4,2024-01-01,18169.998500208167,2024-12-01,Stable + Diversified
P06,P06_T1,2024-02-01,27134.900144232168,2027-06-01,Stable + Diversified
P06,P06_T2,2024-02-01,22612.41678686014,2026-08-01,Stable + Diversified
P06,P06_T3,2024-02-01,22612.41678686014,2026-06-01,Stable + Diversified
P06,P06_T4,2024-02-01,18089.933429488112,2024-12-01,Stable + Diversified
P06,P06_T1,2024-03-01,26894.594750182627,2027-06-01,Stable + Diversified
P06,P06_T2,2024-03-01,22412.162291818855,2026-08-01,Stable + Diversified
P06,P06_T3,2024-03-01,22412.162291818855,2026-06-01,Stable + Diversified
P06,P06_T4,2024-03-01,17929.729833455083,2024-12-01,Stable + Diversified
P06,P06_T1,2024-04-01,26931.554098149696,2027-06-01,Stable + Diversified
P06,P06_T2,2024-04-01,22442.96174845808,2026-08-01,Stable + Diversified
P06,P06_T3,2024-04-01,22442.96174845808,2026-06-01,Stable + Diversified
P06,P06_T4,2024-04-01,17954.369398766466,2024-12-01,Stable + Diversified
P06,P06_T1,2024-05-01,26941.815491005455,2027-06-01,Stable + Diversified
P06,P06_T2,2024-05-01,22451.51290917121,2026-08-01,Stable + Diversified
P06,P06_T3,2024-05-01,22451.51290917121,2026-06-01,Stable + Diversified
P06,P06_T4,2024-05-01,17961.21032733697,2024-12-01,Stable + Diversified
P06,P06_T1,2024-06-01,26883.035560788507,2027-06-01,Stable + Diversified
P06,P06_T2,2024-06-01,22402.529633990423,2026-08-01,Stable + Diversified
P06,P06_T3,2024-06-01,22402.529633990423,2026-06-01,Stable + Diversified
P06,P06_T4,2024-06-01,17922.02370719234,2024-12-01,Stable + Diversified
P06,P06_T1,2024-07-01,27039.471341705936,2027-06-01,Stable + Diversified
P06,P06_T2,2024-07-01,22532.892784754946,2026-08-01,Stable + Diversified
P06,P06_T3,2024-07-01,22532.892784754946,2026-06-01,Stable + Diversified
P06,P06_T4,2024-07-01,18026.314227803956,2024-12-01,Stable + Diversified
P06,P06_T1,2024-08-01,26981.666258420995,2027-06-01,Stable + Diversified
P06,P06_T2,2024-08-01,22484.721882017497,2026-08-01,Stable + Diversified
P06,P06_T3,2024-08-01,22484.721882017497,2026-06-01,Stable + Diversified
P06,P06_T4,2024-08-01,17987.777505613998,2024-12-01,Stable + Diversified
P06,P06_T1,2024-09-01,27124.257853952662,2027-06-01,Stable + Diversified
P06,P06_T2,2024-09-01,22603.548211627218,2026-08-01,Stable + Diversified
P06,P06_T3,2024-09-01,22603.548211627218,2026-06-01,Stable + Diversified
P06,P06_T4,2024-09-01,18082.838569301774,2024-12-01,Stable + Diversified
P06,P06_T1,2024-10-01,27131.711828223124,2027-06-01,Stable + Diversified
P06,P06_T2,2024-10-01,22609.759856852605,2026-08-01,Stable + Diversified
P06,P06_T3,2024-10-01,22609.759856852605,2026-06-01,Stable + Diversified
P06,P06_T4,2024-10-01,18087.807885482085,2024-12-01,Stable + Diversified
P06,P06_T1,2024-11-01,26895.553620414063,2027-06-01,Stable + Diversified
P06,P06_T2,2024-11-01,22412.961350345053,2026-08-01,Stable + Diversified
P06,P06_T3,2024-11-01,22412.961350345053,2026-06-01,Stable + Diversified
P06,P06_T4,2024-11-01,17930.369080276043,2024-12-01,Stable + Diversified
P06,P06_T1,2024-12-01,27030.745317184454,2027-06-01,Stable + Diversified
P06,P06_T2,2024-12-01,22525.62109765371,2026-08-01,Stable + Diversified
P06,P06_T3,2024-12-01,22525.62109765371,2026-06-01,Stable + Diversified
P06,P06_T4,2024-12-01,18020.49687812297,2024-12-01,Stable + Diversified
P07,P07_T1,2023-01-01,52787.97327883138,2027-08-01,Volatile Growth
P07,P07_T2,2023-01-01,39590.97995912353,2027-07-01,Volatile Growth
P07,P07_T3,2023-01-01,26393.98663941569,2026-07-01,Volatile Growth
P07,P07_T4,2023-01-01,13196.993319707844,2024-11-01,Volatile Growth
P07,P07_T1,2023-02-01,37831.36091980126,2027-08-01,Volatile Growth
P07,P07_T2,2023-02-01,28373.520689850942,2027-07-01,Volatile Growth
P07,P07_T3,2023-02-01,18915.68045990063,2026-07-01,Volatile Growth
P07,P07_T4,2023-02-01,9457.840229950314,2024-11-01,Volatile Growth
P07,P07_T1,2023-03-01,42177.22982490153,2027-08-01,Volatile Growth
P07,P07_T2,2023-03-01,31632.922368676147,2027-07-01,Volatile Growth
P07,P07_T3,2023-03-01,21088.614912450765,2026-07-01,Volatile Growth
P07,P07_T4,2023-03-01,10544.307456225382,2024-11-01,Volatile Growth
P07,P07_T1,2023-04-01,45939.75984129055,2027-08-01,Volatile Growth
P07,P07_T2,2023-04-01,34454.81988096791,2027-07-01,Volatile Growth
P07,P07_T3,2023-04-01,22969.879920645275,2026-07-01,Volatile Growth
P07,P07_T4,2023-04-01,11484.939960322637,2024-11-01,Volatile Growth
P07,P07_T1,2023-05-01,45942.82526223936,2027-08-01,Volatile Growth
P07,P07_T2,2023-05-01,34457.11894667952,2027-07-01,Volatile Growth
P07,P07_T3,2023-05-01,22971.41263111968,2026-07-01,Volatile Growth
P07,P07_T4,2023-05-01,11485.70631555984,2024-11-01,Volatile Growth
P07,P07_T1,2023-06-01,51730.50196078705,2027-08-01,Volatile Growth
P07,P07_T2,2023-06-01,38797.87647059028,2027-07-01,Volatile Growth
P07,P07_T3,2023-06-01,25865.250980393525,2026-07-01,Volatile Growth
P07,P07_T4,2023-06-01,12932.625490196762,2024-11-01,Volatile Growth
P07,P07_T1,2023-07-01,50093.69970096203,2027-08-01,Volatile Growth
P07,P07_T2,2023-07-01,37570.27477572152,2027-07-01,Volatile Growth
P07,P07_T3,2023-07-01,25046.849850481016,2026-07-01,Volatile Growth
P07,P07_T4,2023-07-01,12523.424925240508,2024-11-01,Volatile Growth
P07,P07_T1,2023-08-01,42238.748626069035,2027-08-01,Volatile Growth
P07,P07_T2,2023-08-01,31679.061469551772,2027-07-01,Volatile Growth
P07,P07_T3,2023-08-01,21119.374313034517,2026-07-01,Volatile Growth
P07,P07_T4,2023-08-01,10559.687156517259,2024-11-01,Volatile Growth
P07,P07_T1,2023-09-01,54302.135489765606,2027-08-01,Volatile Growth
P07,P07_T2,2023-09-01,40726.6016173242,2027-07-01,Volatile Growth
P07,P07_T3,2023-09-01,27151.067744882803,2026-07-01,Volatile Growth
P07,P07_T4,2023-09-01,13575.533872441401,2024-11-01,Volatile Growth
P07,P07_T1,2023-10-01,53018.27062791174,2027-08-01,Volatile Growth
P07,P07_T2,2023-10-01,39763.7029709338,2027-07-01,Volatile Growth
P07,P07_T3,2023-10-01,26509.13531395587,2026-07-01,Volatile Growth
P07,P07_T4,2023-10-01,13254.567656977935,2024-11-01,Volatile Growth
P07,P07_T1,2023-11-01,49238.06682824283,2027-08-01,Volatile Growth
P07,P07_T2,2023-11-01,36928.55012118212,2027-07-01,Volatile Growth
P07,P07_T3,2023-11-01,24619.033414121415,2026-07-01,Volatile Growth
P07,P07_T4,2023-11-01,12309.516707060708,2024-11-01,Volatile Growth
P07,P07_T1,2023-12-01,59153.82165549847,2027-08-01,Volatile Growth
P07,P07_T2,2023-12-01,44365.36624162385,2027-07-01,Volatile Growth
P07,P07_T3,2023-12-01,29576.910827749234,2026-07-01,Volatile Growth
P07,P07_T4,2023-12-01,14788.455413874617,2024-11-01,Volatile Growth
P07,P07_T1,2024-01-01,53725.20914025814,2027-08-01,Volatile Growth
P07,P07_T2,2024-01-01,40293.90685519361,2027-07-01,Volatile Growth
P07,P07_T3,2024-01-01,26862.60457012907,2026-07-01,Volatile Growth
P07,P07_T4,2024-01-01,13431.302285064536,2024-11-01,Volatile Growth
P07,P07_T1,2024-02-01,65613.63110379281,2027-08-01,Volatile Growth
P07,P07_T2,2024-02-01,49210.22332784461,2027-07-01,Volatile Growth
P07,P07_T3,2024-02-01,32806.815551896405,2026-07-01,Volatile Growth
P07,P07_T4,2024-02-01,16403.407775948202,2024-11-01,Volatile Growth
P07,P07_T1,2024-03-01,51544.19069354347,2027-08-01,Volatile Growth
P07,P07_T2,2024-03-01,38658.1430201576,2027-07-01,Volatile Growth
P07,P07_T3,2024-03-01,25772.095346771734,2026-07-01,Volatile Growth
P07,P07_T4,2024-03-01,12886.047673385867,2024-11-01,Volatile Growth
P07,P07_T1,2024-04-01,59924.33477795042,2027-08-01,Volatile Growth
P07,P07_T2,2024-04-01,44943.25108346281,2027-07-01,Volatile Growth
P07,P07_T3,2024-04-01,29962.16738897521,2026-07-01,Volatile Growth
P07,P07_T4,2024-04-01,14981.083694487605,2024-11-01,Volatile Growth
P07,P07_T1,2024-05-01,62213.93411706735,2027-08-01,Volatile Growth
P07,P07_T2,2024-05-01,46660.45058780051,2027-07-01,Volatile Growth
P07,P07_T3,2024-05-01,31106.967058533675,2026-07-01,Volatile Growth
P07,P07_T4,2024-05-01,15553.483529266838,2024-11-01,Volatile Growth
P07,P07_T1,2024-06-01,59991.622467486595,2027-08-01,Volatile Growth
P07,P07_T2,2024-06-01,44993.71685061495,2027-07-01,Volatile Growth
P07,P07_T3,2024-06-01,29995.811233743298,2026-07-01,Volatile Growth
P07,P07_T4,2024-06-01,14997.905616871649,2024-11-01,Volatile Growth
P07,P07_T1,2024-07-01,64599.3541482986,2027-08-01,Volatile Growth
P07,P07_T2,2024-07-01,48449.51561122394,2027-07-01,Volatile Growth
P07,P07_T3,2024-07-01,32299.6770741493,2026-07-01,Volatile Growth
P07,P07_T4,2024-07-01,16149.83853707465,2024-11-01,Volatile Growth
P07,P07_T1,2024-08-01,63621.607075205764,2027-08-01,Volatile Growth
P07,P07_T2,2024-08-01,47716.20530640432,2027-07-01,Volatile Growth
P07,P07_T3,2024-08-01,31810.803537602882,2026-07-01,Volatile Growth
P07,P07_T4,2024-08-01,15905.401768801441,2024-11-01,Volatile Growth
P07,P07_T1,2024-09-01,62304.339759554576,2027-08-01,Volatile Growth
P07,P07_T2,2024-09-01,46728.254819665926,2027-07-01,Volatile Growth
P07,P07_T3,2024-09-01,31152.169879777288,2026-07-01,Volatile Growth
P07,P07_T4,2024-09-01,15576.084939888644,2024-11-01,Volatile Growth
P07,P07_T1,2024-10-01,59898.61917470267,2027-08-01,Volatile Growth
P07,P07_T2,2024-10-01,44923.964381027,2027-07-01,Volatile Growth
P07,P07_T3,2024-10-01,29949.309587351334,2026-07-01,Volatile Growth
P07,P07_T4,2024-10-01,14974.654793675667,2024-11-01,Volatile Growth
P07,P07_T1,2024-11-01,67566.16798177782,2027-08-01,Volatile Growth
P07,P07_T2,2024-11-01,50674.62598633336,2027-07-01,Volatile Growth
P07,P07_T3,2024-11-01,33783.08399088891,2026-07-01,Volatile Growth
P07,P07_T4,2024-11-01,16891.541995444455,2024-11-01,Volatile Growth
P07,P07_T1,2024-12-01,62410.916291712565,2027-08-01,Volatile Growth
P07,P07_T2,2024-12-01,46808.18721878442,2027-07-01,Volatile Growth
P07,P07_T3,2024-12-01,31205.458145856282,2026-07-01,Volatile Growth
P07,P07_T4,2024-12-01,15602.729072928141,2024-11-01,Volatile Growth
P08,P08_T1,2023-01-01,47060.70724051443,2027-03-01,Volatile Growth
P08,P08_T2,2023-01-01,28236.424344308656,2026-06-01,Volatile Growth
P08,P08_T3,2023-01-01,18824.282896205772,2024-02-01,Volatile Growth
P08,P08_T1,2023-02-01,44732.7090699168,2027-03-01,Volatile Growth
P08,P08_T2,2023-02-01,26839.625441950076,2026-06-01,Volatile Growth
P08,P08_T3,2023-02-01,17893.08362796672,2024-02-01,Volatile Growth
P08,P08_T1,2023-03-01,49118.59594609686,2027-03-01,Volatile Growth
P08,P08_T2,2023-03-01,29471.157567658116,2026-06-01,Volatile Growth
P08,P08_T3,2023-03-01,19647.438378438743,2024-02-01,Volatile Growth
P08,P08_T1,2023-04-01,49044.90104267465,2027-03-01,Volatile Growth
P08,P08_T2,2023-04-01,29426.94062560479,2026-06-01,Volatile Growth
P08,P08_T3,2023-04-01,19617.960417069862,2024-02-01,Volatile Growth
P08,P08_T1,2023-05-01,49352.92926944724,2027-03-01,Volatile Growth
P08,P08_T2,2023-05-01,29611.757561668343,2026-06-01,Volatile Growth
P08,P08_T3,2023-05-01,19741.171707778896,2024-02-01,Volatile Growth
P08,P08_T1,2023-06-01,51379.552222708226,2027-03-01,Volatile Growth
P08,P08_T2,2023-06-01,30827.731333624935,2026-06-01,Volatile Growth
P08,P08_T3,2023-06-01,20551.82088908329,2024-02-01,Volatile Growth
P08,P08_T1,2023-07-01,49279.30613814543,2027-03-01,Volatile Growth
P08,P08_T2,2023-07-01,29567.583682887256,2026-06-01,Volatile Growth
P08,P08_T3,2023-07-01,19711.722455258176,2024-02-01,Volatile Growth
P08,P08_T1,2023-08-01,47005.540600506094,2027-03-01,Volatile Growth
P08,P08_T2,2023-08-01,28203.324360303657,2026-06-01,Volatile Growth
P08,P08_T3,2023-08-01,18802.216240202437,2024-02-01,Volatile Growth
P08,P08_T1,2023-09-01,46304.4035787052,2027-03-01,Volatile Growth
P08,P08_T2,2023-09-01,27782.64214722312,2026-06-01,Volatile Growth
P08,P08_T3,2023-09-01,18521.76143148208,2024-02-01,Volatile Growth
P08,P08_T1,2023-10-01,45509.160026978796,2027-03-01,Volatile Growth
P08,P08_T2,2023-10-01,27305.496016187277,2026-06-01,Volatile Growth
P08,P08_T3,2023-10-01,18203.66401079152,2024-02-01,Volatile Growth
P08,P08_T1,2023-11-01,52504.73041824012,2027-03-01,Volatile Growth
P08,P08_T2,2023-11-01,31502.83825094407,2026-06-01,Volatile Growth
P08,P08_T3,2023-11-01,21001.89216729605,2024-02-01,Volatile Growth
P08,P08_T1,2023-12-01,65603.26735555712,2027-03-01,Volatile Growth
P08,P08_T2,2023-12-01,39361.96041333427,2026-06-01,Volatile Growth
P08,P08_T3,2023-12-01,26241.30694222285,2024-02-01,Volatile Growth
P08,P08_T1,2024-01-01,61048.34335309623,2027-03-01,Volatile Growth
P08,P08_T2,2024-01-01,36629.00601185774,2026-06-01,Volatile Growth
P08,P08_T3,2024-01-01,24419.337341238494,2024-02-01,Volatile Growth
P08,P08_T1,2024-02-01,56742.020410276695,2027-03-01,Volatile Growth
P08,P08_T2,2024-02-01,34045.21224616602,2026-06-01,Volatile Growth
P08,P08_T3,2024-02-01,22696.80816411068,2024-02-01,Volatile Growth
P08,P08_T1,2024-03-01,51940.03544751734,2027-03-01,Volatile Growth
P08,P08_T2,2024-03-01,31164.0212685104,2026-06-01,Volatile Growth
P08,P08_T3,2024-03-01,20776.014179006936,2024-02-01,Volatile Growth
P08,P08_T1,2024-04-01,67154.59703076594,2027-03-01,Volatile Growth
P08,P08_T2,2024-04-01,40292.75821845957,2026-06-01,Volatile Growth
P08,P08_T3,2024-04-01,26861.838812306378,2024-02-01,Volatile Growth
P08,P08_T1,2024-05-01,59915.81396142097,2027-03-01,Volatile Growth
P08,P08_T2,2024-05-01,35949.48837685258,2026-06-01,Volatile Growth
P08,P08_T3,2024-05-01,23966.32558456839,2024-02-01,Volatile Growth
P08,P08_T1,2024-06-01,69599.16636208189,2027-03-01,Volatile Growth
P08,P08_T2,2024-06-01,41759.49981724913,2026-06-01,Volatile Growth
P08,P08_T3,2024-06-01,27839.666544832755,2024-02-01,Volatile Growth
P08,P08_T1,2024-07-01,65224.17910271279,2027-03-01,Volatile Growth
P08,P08_T2,2024-07-01,39134.507461627676,2026-06-01,Volatile Growth
P08,P08_T3,2024-07-01,26089.67164108512,2024-02-01,Volatile Growth
P08,P08_T1,2024-08-01,70374.12797736205,2027-03-01,Volatile Growth
P08,P08_T2,2024-08-01,42224.476786417225,2026-06-01,Volatile Growth
P08,P08_T3,2024-08-01,28149.65119094482,2024-02-01,Volatile Growth
P08,P08_T1,2024-09-01,69007.84714645041,2027-03-01,Volatile Growth
P08,P08_T2,2024-09-01,41404.70828787024,2026-06-01,Volatile Growth
P08,P08_T3,2024-09-01,27603.138858580165,2024-02-01,Volatile Growth
P08,P08_T1,2024-10-01,67349.24905971294,2027-03-01,Volatile Growth
P08,P08_T2,2024-10-01,40409.54943582776,2026-06-01,Volatile Growth
P08,P08_T3,2024-10-01,26939.699623885175,2024-02-01,Volatile Growth
P08,P08_T1,2024-11-01,65545.15279664376,2027-03-01,Volatile Growth
P08,P08_T2,2024-11-01,39327.09167798625,2026-06-01,Volatile Growth
P08,P08_T3,2024-11-01,26218.061118657504,2024-02-01,Volatile Growth
P08,P08_T1,2024-12-01,72506.78126265711,2027-03-01,Volatile Growth
P08,P08_T2,2024-12-01,43504.068757594265,2026-06-01,Volatile Growth
P08,P08_T3,2024-12-01,29002.712505062846,2024-02-01,Volatile Growth
P09,P09_T1,2023-01-01,42226.926962015976,2027-09-01,Volatile Growth
P09,P09_T2,2023-01-01,30162.09068715427,2027-08-01,Volatile Growth
P09,P09_T3,2023-01-01,24129.672549723415,2026-09-01,Volatile Growth
P09,P09_T4,2023-01-01,12064.836274861707,2024-07-01,Volatile Growth
P09,P09_T5,2023-01-01,12064.836274861707,2024-10-01,Volatile Growth
P09,P09_T1,2023-02-01,41937.06952647101,2027-09-01,Volatile Growth
P09,P09_T2,2023-02-01,29955.049661765006,2027-08-01,Volatile Growth
P09,P09_T3,2023-02-01,23964.039729412005,2026-09-01,Volatile Growth
P09,P09_T4,2023-02-01,11982.019864706002,2024-07-01,Volatile Growth
P09,P09_T5,2023-02-01,11982.019864706002,2024-10-01,Volatile Growth
P09,P09_T1,2023-03-01,41181.14572618507,2027-09-01,Volatile Growth
P09,P09_T2,2023-03-01,29415.104090132194,2027-08-01,Volatile Growth
P09,P09_T3,2023-03-01,23532.083272105756,2026-09-01,Volatile Growth
P09,P09_T4,2023-03-01,11766.041636052878,2024-07-01,Volatile Growth
P09,P09_T5,2023-03-01,11766.041636052878,2024-10-01,Volatile Growth
P09,P09_T1,2023-04-01,42856.76714336752,2027-09-01,Volatile Growth
P09,P09_T2,2023-04-01,30611.9765309768,2027-08-01,Volatile Growth
P09,P09_T3,2023-04-01,24489.581224781443,2026-09-01,Volatile Growth
P09,P09_T4,2023-04-01,12244.790612390721,2024-07-01,Volatile Growth
P09,P09_T5,2023-04-01,12244.790612390721,2024-10-01,Volatile Growth
P09,P09_T1,2023-05-01,44278.95171015643,2027-09-01,Volatile Growth
P09,P09_T2,2023-05-01,31627.822650111735,2027-08-01,Volatile Growth
P09,P09_T3,2023-05-01,25302.25812008939,2026-09-01,Volatile Growth
P09,P09_T4,2023-05-01,12651.129060044696,2024-07-01,Volatile Growth
P09,P09_T5,2023-05-01,12651.129060044696,2024-10-01,Volatile Growth
P09,P09_T1,2023-06-01,37865.337581567976,2027-09-01,Volatile Growth
P09,P09_T2,2023-06-01,27046.669701119987,2027-08-01,Volatile Growth
P09,P09_T3,2023-06-01,21637.335760895992,2026-09-01,Volatile Growth
P09,P09_T4,2023-06-01,10818.667880447996,2024-07-01,Volatile Growth
P09,P09_T5,2023-06-01,10818.667880447996,2024-10-01,Volatile Growth
P09,P09_T1,2023-07-01,42235.29322518775,2027-09-01,Volatile Growth
P09,P09_T2,2023-07-01,30168.06658941982,2027-08-01,Volatile Growth
P09,P09_T3,2023-07-01,24134.45327153586,2026-09-01,Volatile Growth
P09,P09_T4,2023-07-01,12067.22663576793,2024-07-01,Volatile Growth
P09,P09_T5,2023-07-01,12067.22663576793,2024-10-01,Volatile Growth
P09,P09_T1,2023-08-01,48203.42720290565,2027-09-01,Volatile Growth
P09,P09_T2,2023-08-01,34431.0194306469,2027-08-01,Volatile Growth
P09,P09_T3,2023-08-01,27544.81554451752,2026-09-01,Volatile Growth
P09,P09_T4,2023-08-01,13772.40777225876,2024-07-01,Volatile Growth
P09,P09_T5,2023-08-01,13772.40777225876,2024-10-01,Volatile Growth
P09,P09_T1,2023-09-01,48569.422873145435,2027-09-01,Volatile Growth
P09,P09_T2,2023-09-01,34692.4449093896,2027-08-01,Volatile Growth
P09,P09_T3,2023-09-01,27753.955927511677,2026-09-01,Volatile Growth
P09,P09_T4,2023-09-01,13876.977963755839,2024-07-01,Volatile Growth
P09,P09_T5,2023-09-01,13876.977963755839,2024-10-01,Volatile Growth
P09,P09_T1,2023-10-01,40175.98588426873,2027-09-01,Volatile Growth
P09,P09_T2,2023-10-01,28697.132774477668,2027-08-01,Volatile Growth
P09,P09_T3,2023-10-01,22957.706219582135,2026-09-01,Volatile Growth
P09,P09_T4,2023-10-01,11478.853109791067,2024-07-01,Volatile Growth
P09,P09_T5,2023-10-01,11478.853109791067,2024-10-01,Volatile Growth
P09,P09_T1,2023-11-01,43380.25097810959,2027-09-01,Volatile Growth
P09,P09_T2,2023-11-01,30985.893555792565,2027-08-01,Volatile Growth
P09,P09_T3,2023-11-01,24788.714844634054,2026-09-01,Volatile Growth
P09,P09_T4,2023-11-01,12394.357422317027,2024-07-01,Volatile Growth
P09,P09_T5,2023-11-01,12394.357422317027,2024-10-01,Volatile Growth
P09,P09_T1,2023-12-01,43931.56543902262,2027-09-01,Volatile Growth
P09,P09_T2,2023-12-01,31379.689599301873,2027-08-01,Volatile Growth
P09,P09_T3,2023-12-01,25103.7516794415,2026-09-01,Volatile Growth
P09,P09_T4,2023-12-01,12551.87583972075,2024-07-01,Volatile Growth
P09,P09_T5,2023-12-01,12551.87583972075,2024-10-01,Volatile Growth
P09,P09_T1,2024-01-01,43971.351994924255,2027-09-01,Volatile Growth
P09,P09_T2,2024-01-01,31408.108567803043,2027-08-01,Volatile Growth
P09,P09_T3,2024-01-01,25126.486854242437,2026-09-01,Volatile Growth
P09,P09_T4,2024-01-01,12563.243427121219,2024-07-01,Volatile Growth
P09,P09_T5,2024-01-01,12563.243427121219,2024-10-01,Volatile Growth
P09,P09_T1,2024-02-01,51016.08477948198,2027-09-01,Volatile Growth
P09,P09_T2,2024-02-01,36440.06055677284,2027-08-01,Volatile Growth
P09,P09_T3,2024-02-01,29152.048445418273,2026-09-01,Volatile Growth
P09,P09_T4,2024-02-01,14576.024222709137,2024-07-01,Volatile Growth
P09,P09_T5,2024-02-01,14576.024222709137,2024-10-01,Volatile Growth
P09,P09_T1,2024-03-01,49344.91565642133,2027-09-01,Volatile Growth
P09,P09_T2,2024-03-01,35246.36832601524,2027-08-01,Volatile Growth
P09,P09_T3,2024-03-01,28197.094660812192,2026-09-01,Volatile Growth
P09,P09_T4,2024-03-01,14098.547330406096,2024-07-01,Volatile Growth
P09,P09_T5,2024-03-01,14098.547330406096,2024-10-01,Volatile Growth
P09,P09_T1,2024-04-01,57777.555415461095,2027-09-01,Volatile Growth
P09,P09_T2,2024-04-01,41269.68243961507,2027-08-01,Volatile Growth
P09,P09_T3,2024-04-01,33015.74595169206,2026-09-01,Volatile Growth
P09,P09_T4,2024-04-01,16507.87297584603,2024-07-01,Volatile Growth
P09,P09_T5,2024-04-01,16507.87297584603,2024-10-01,Volatile Growth
P09,P09_T1,2024-05-01,50709.86359455493,2027-09-01,Volatile Growth
P09,P09_T2,2024-05-01,36221.33113896781,2027-08-01,Volatile Growth
P09,P09_T3,2024-05-01,28977.064911174253,2026-09-01,Volatile Growth
P09,P09_T4,2024-05-01,14488.532455587127,2024-07-01,Volatile Growth
P09,P09_T5,2024-05-01,14488.532455587127,2024-10-01,Volatile Growth
P09,P09_T1,2024-06-01,54182.79180596452,2027-09-01,Volatile Growth
P09,P09_T2,2024-06-01,38701.99414711752,2027-08-01,Volatile Growth
P09,P09_T3,2024-06-01,30961.595317694017,2026-09-01,Volatile Growth
P09,P09_T4,2024-06-01,15480.797658847008,2024-07-01,Volatile Growth
P09,P09_T5,2024-06-01,15480.797658847008,2024-10-01,Volatile Growth
P09,P09_T1,2024-07-01,50599.07884386619,2027-09-01,Volatile Growth
P09,P09_T2,2024-07-01,36142.19917419014,2027-08-01,Volatile Growth
P09,P09_T3,2024-07-01,28913.75933935211,2026-09-01,Volatile Growth
P09,P09_T4,2024-07-01,14456.879669676055,2024-07-01,Volatile Growth
P09,P09_T5,2024-07-01,14456.879669676055,2024-10-01,Volatile Growth
P09,P09_T1,2024-08-01,46217.406970459626,2027-09-01,Volatile Growth
P09,P09_T2,2024-08-01,33012.43355032831,2027-08-01,Volatile Growth
P09,P09_T3,2024-08-01,26409.946840262648,2026-09-01,Volatile Growth
P09,P09_T4,2024-08-01,13204.973420131324,2024-07-01,Volatile Growth
P09,P09_T5,2024-08-01,13204.973420131324,2024-10-01,Volatile Growth
P09,P09_T1,2024-09-01,60680.05776520832,2027-09-01,Volatile Growth
P09,P09_T2,2024-09-01,43342.89840372023,2027-08-01,Volatile Growth
P09,P09_T3,2024-09-01,34674.31872297619,2026-09-01,Volatile Growth
P09,P09_T4,2024-09-01,17337.159361488095,2024-07-01,Volatile Growth
P09,P09_T5,2024-09-01,17337.159361488095,2024-10-01,Volatile Growth
P09,P09_T1,2024-10-01,58385.69117435831,2027-09-01,Volatile Growth
P09,P09_T2,2024-10-01,41704.06512454165,2027-08-01,Volatile Growth
P09,P09_T3,2024-10-01,33363.252099633326,2026-09-01,Volatile Growth
P09,P09_T4,2024-10-01,16681.626049816663,2024-07-01,Volatile Growth
P09,P09_T5,2024-10-01,16681.626049816663,2024-10-01,Volatile Growth
P09,P09_T1,2024-11-01,58145.91508793677,2027-09-01,Volatile Growth
P09,P09_T2,2024-11-01,41532.796491383415,2027-08-01,Volatile Growth
P09,P09_T3,2024-11-01,33226.23719310673,2026-09-01,Volatile Growth
P09,P09_T4,2024-11-01,16613.118596553366,2024-07-01,Volatile Growth
P09,P09_T5,2024-11-01,16613.118596553366,2024-10-01,Volatile Growth
P09,P09_T1,2024-12-01,54173.67254470752,2027-09-01,Volatile Growth
P09,P09_T2,2024-12-01,38695.4803890768,2027-08-01,Volatile Growth
P09,P09_T3,2024-12-01,30956.38431126144,2026-09-01,Volatile Growth
P09,P09_T4,2024-12-01,15478.19215563072,2024-07-01,Volatile Growth
P09,P09_T5,2024-12-01,15478.19215563072,2024-10-01,Volatile Growth
P10,P10_T1,2023-01-01,28957.563421124,2026-09-01,High Lease Rollover Risk
P10,P10_T2,2023-01-01,24131.302850936667,2024-11-01,High Lease Rollover Risk
P10,P10_T3,2023-01-01,24131.302850936667,2024-04-01,High Lease Rollover Risk
P10,P10_T4,2023-01-01,19305.042280749334,2024-09-01,High Lease Rollover Risk
P10,P10_T1,2023-02-01,29319.798128787515,2026-09-01,High Lease Rollover Risk
P10,P10_T2,2023-02-01,24433.16510732293,2024-11-01,High Lease Rollover Risk
P10,P10_T3,2023-02-01,24433.16510732293,2024-04-01,High Lease Rollover Risk
P10,P10_T4,2023-02-01,19546.532085858344,2024-09-01,High Lease Rollover Risk
P10,P10_T1,2023-03-01,30539.713215033044,2026-09-01,High Lease Rollover Risk
P10,P10_T2,2023-03-01,25449.76101252754,2024-11-01,High Lease Rollover Risk
P10,P10_T3,2023-03-01,25449.76101252754,2024-04-01,High Lease Rollover Risk
P10,P10_T4,2023-03-01,20359.808810022034,2024-09-01,High Lease Rollover Risk
P10,P10_T1,2023-04-01,30797.468664655644,2026-09-01,High Lease Rollover Risk
P10,P10_T2,2023-04-01,25664.557220546372,2024-11-01,High Lease Rollover Risk
P10,P10_T3,2023-04-01,25664.557220546372,2024-04-01,High Lease Rollover Risk
P10,P10_T4,2023-04-01,20531.6457764371,2024-09-01,High Lease Rollover Risk
P10,P10_T1,2023-05-01,30832.282623316245,2026-09-01,High Lease Rollover Risk
P10,P10_T2,2023-05-01,25693.56885276354,2024-11-01,High Lease Rollover Risk
P10,P10_T3,2023-05-01,25693.56885276354,2024-04-01,High Lease Rollover Risk
P10,P10_T4,2023-05-01,20554.855082210834,2024-09-01,High Lease Rollover Risk
P10,P10_T1,2023-06-01,31016.749112021338,2026-09-01,High Lease Rollover Risk
P10,P10_T2,2023-06-01,25847.29092668445,2024-11-01,High Lease Rollover Risk
P10,P10_T3,2023-06-01,25847.29092668445,2024-04-01,High Lease Rollover Risk
P10,P10_T4,2023-06-01,20677.832741347564,2024-09-01,High Lease Rollover Risk
P10,P10_T1,2023-07-01,31703.026120486742,2026-09-01,High Lease Rollover Risk
P10,P10_T2,2023-07-01,26419.188433738953,2024-11-01,High Lease Rollover Risk
P10,P10_T3,2023-07-01,26419.188433738953,2024-04-01,High Lease Rollover Risk
P10,P10_T4,2023-07-01,21135.350746991164,2024-09-01,High Lease Rollover Risk
P10,P10_T1,2023-08-01,31750.550521493613,2026-09-01,High Lease Rollover Risk
P10,P10_T2,2023-08-01,26458.79210124468,2024-11-01,High Lease Rollover Risk
P10,P10_T3,2023-08-01,26458.79210124468,2024-04-01,High Lease Rollover Risk
P10,P10_T4,2023-08-01,21167.033680995744,2024-09-01,High Lease Rollover Risk
P10,P10_T1,2023-09-01,31936.122230378325,2026-09-01,High Lease Rollover Risk
P10,P10_T2,2023-09-01,26613.43519198194,2024-11-01,High Lease Rollover Risk
P10,P10_T3,2023-09-01,26613.43519198194,2024-04-01,High Lease Rollover Risk
P10,P10_T4,2023-09-01,21290.74815358555,2024-09-01,High Lease Rollover Risk
P10,P10_T1,2023-10-01,32610.83343580587,2026-09-01,High Lease Rollover Risk
P10,P10_T2,2023-10-01,27175.694529838227,2024-11-01,High Lease Rollover Risk
P10,P10_T3,2023-10-01,27175.694529838227,2024-04-01,High Lease Rollover Risk
P10,P10_T4,2023-10-01,21740.555623870583,2024-09-01,High Lease Rollover Risk
P10,P10_T1,2023-11-01,32822.86871104762,2026-09-01,High Lease Rollover Risk
P10,P10_T2,2023-11-01,27352.390592539683,2024-11-01,High Lease Rollover Risk
P10,P10_T3,2023-11-01,27352.390592539683,2024-04-01,High Lease Rollover Risk
P10,P10_T4,2023-11-01,21881.91247403175,2024-09-01,High Lease Rollover Risk
P10,P10_T1,2023-12-01,33031.95978476416,2026-09-01,High Lease Rollover Risk
P10,P10_T2,2023-12-01,27526.633153970135,2024-11-01,High Lease Rollover Risk
P10,P10_T3,2023-12-01,27526.633153970135,2024-04-01,High Lease Rollover Risk
P10,P10_T4,2023-12-01,22021.30652317611,2024-09-01,High Lease Rollover Risk
P10,P10_T1,2024-01-01,33628.25762638308,2026-09-01,High Lease Rollover Risk
P10,P10_T2,2024-01-01,28023.5480219859,2024-11-01,High Lease Rollover Risk
P10,P10_T3,2024-01-01,28023.5480219859,2024-04-01,High Lease Rollover Risk
P10,P10_T4,2024-01-01,22418.83841758872,2024-09-01,High Lease Rollover Risk
P10,P10_T1,2024-02-01,33775.09964398827,2026-09-01,High Lease Rollover Risk
P10,P10_T2,2024-02-01,28145.916369990227,2024-11-01,High Lease Rollover Risk
P10,P10_T3,2024-02-01,28145.916369990227,2024-04-01,High Lease Rollover Risk
P10,P10_T4,2024-02-01,22516.733095992182,2024-09-01,High Lease Rollover Risk
P10,P10_T1,2024-03-01,33692.958413891276,2026-09-01,High Lease Rollover Risk
P10,P10_T2,2024-03-01,28077.4653449094,2024-11-01,High Lease Rollover Risk
P10,P10_T3,2024-03-01,28077.4653449094,2024-04-01,High Lease Rollover Risk
P10,P10_T4,2024-03-01,22461.97227592752,2024-09-01,High Lease Rollover Risk
P10,P10_T1,2024-04-01,34165.9149340433,2026-09-01,High Lease Rollover Risk
P10,P10_T2,2024-04-01,28471.595778369418,2024-11-01,High Lease Rollover Risk
P10,P10_T3,2024-04-01,28471.595778369418,2024-04-01,High Lease Rollover Risk
P10,P10_T4,2024-04-01,22777.276622695535,2024-09-01,High Lease Rollover Risk
P10,P10_T1,2024-05-01,34753.24896512725,2026-09-01,High Lease Rollover Risk
P10,P10_T2,2024-05-01,28961.04080427271,2024-11-01,High Lease Rollover Risk
P10,P10_T3,2024-05-01,28961.04080427271,2024-04-01,High Lease Rollover Risk
P10,P10_T4,2024-05-01,23168.83264341817,2024-09-01,High Lease Rollover Risk
P10,P10_T1,2024-06-01,35149.281532672445,2026-09-01,High Lease Rollover Risk
P10,P10_T2,2024-06-01,29291.067943893708,2024-11-01,High Lease Rollover Risk
P10,P10_T3,2024-06-01,29291.067943893708,2024-04-01,High Lease Rollover Risk
P10,P10_T4,2024-06-01,23432.854355114967,2024-09-01,High Lease Rollover Risk
P10,P10_T1,2024-07-01,35991.0858602216,2026-09-01,High Lease Rollover Risk
P10,P10_T2,2024-07-01,29992.57155018467,2024-11-01,High Lease Rollover Risk
P10,P10_T3,2024-07-01,29992.57155018467,2024-04-01,High Lease Rollover Risk
P10,P10_T4,2024-07-01,23994.05724014774,2024-09-01,High Lease Rollover Risk
P10,P10_T1,2024-08-01,35193.477301226165,2026-09-01,High Lease Rollover Risk
P10,P10_T2,2024-08-01,29327.897751021806,2024-11-01,High Lease Rollover Risk
P10,P10_T3,2024-08-01,29327.897751021806,2024-04-01,High Lease Rollover Risk
P10,P10_T4,2024-08-01,23462.318200817448,2024-09-01,High Lease Rollover Risk
P10,P10_T1,2024-09-01,35898.46593390446,2026-09-01,High Lease Rollover Risk
P10,P10_T2,2024-09-01,29915.388278253715,2024-11-01,High Lease Rollover Risk
P10,P10_T3,2024-09-01,29915.388278253715,2024-04-01,High Lease Rollover Risk
P10,P10_T4,2024-09-01,23932.310622602974,2024-09-01,High Lease Rollover Risk
P10,P10_T1,2024-10-01,36860.100601115206,2026-09-01,High Lease Rollover Risk
P10,P10_T2,2024-10-01,30716.750500929338,2024-11-01,High Lease Rollover Risk
P10,P10_T3,2024-10-01,30716.750500929338,2024-04-01,High Lease Rollover Risk
P10,P10_T4,2024-10-01,24573.40040074347,2024-09-01,High Lease Rollover Risk
P10,P10_T1,2024-11-01,36602.854153234635,2026-09-01,High Lease Rollover Risk
P10,P10_T2,2024-11-01,30502.378461028864,2024-11-01,High Lease Rollover Risk
P10,P10_T3,2024-11-01,30502.378461028864,2024-04-01,High Lease Rollover Risk
P10,P10_T4,2024-11-01,24401.902768823093,2024-09-01,High Lease Rollover Risk
P10,P10_T1,2024-12-01,37356.83979788268,2026-09-01,High Lease Rollover Risk
P10,P10_T2,2024-12-01,31130.699831568905,2024-11-01,High Lease Rollover Risk
P10,P10_T3,2024-12-01,31130.699831568905,2024-04-01,High Lease Rollover Risk
P10,P10_T4,2024-12-01,24904.559865255127,2024-09-01,High Lease Rollover Risk
P11,P11_T1,2023-01-01,26231.441876702873,2026-05-01,High Lease Rollover Risk
P11,P11_T2,2023-01-01,26231.441876702873,2027-11-01,High Lease Rollover Risk
P11,P11_T3,2023-01-01,20985.1535013623,2024-05-01,High Lease Rollover Risk
P11,P11_T4,2023-01-01,15738.865126021723,2024-04-01,High Lease Rollover Risk
P11,P11_T5,2023-01-01,15738.865126021723,2024-03-01,High Lease Rollover Risk
P11,P11_T1,2023-02-01,25996.32046859794,2026-05-01,High Lease Rollover Risk
P11,P11_T2,2023-02-01,25996.32046859794,2027-11-01,High Lease Rollover Risk
P11,P11_T3,2023-02-01,20797.056374878353,2024-05-01,High Lease Rollover Risk
P11,P11_T4,2023-02-01,15597.792281158763,2024-04-01,High Lease Rollover Risk
P11,P11_T5,2023-02-01,15597.792281158763,2024-03-01,High Lease Rollover Risk
P11,P11_T1,2023-03-01,25495.480927106073,2026-05-01,High Lease Rollover Risk
P11,P11_T2,2023-03-01,25495.480927106073,2027-11-01,High Lease Rollover Risk
P11,P11_T3,2023-03-01,20396.38474168486,2024-05-01,High Lease Rollover Risk
P11,P11_T4,2023-03-01,15297.288556263644,2024-04-01,High Lease Rollover Risk
P11,P11_T5,2023-03-01,15297.288556263644,2024-03-01,High Lease Rollover Risk
P11,P11_T1,2023-04-01,26180.14487683586,2026-05-01,High Lease Rollover Risk
P11,P11_T2,2023-04-01,26180.14487683586,2027-11-01,High Lease Rollover Risk
P11,P11_T3,2023-04-01,20944.11590146869,2024-05-01,High Lease Rollover Risk
P11,P11_T4,2023-04-01,15708.086926101516,2024-04-01,High Lease Rollover Risk
P11,P11_T5,2023-04-01,15708.086926101516,2024-03-01,High Lease Rollover Risk
P11,P11_T1,2023-05-01,26087.42647680404,2026-05-01,High Lease Rollover Risk
P11,P11_T2,2023-05-01,26087.42647680404,2027-11-01,High Lease Rollover Risk
P11,P11_T3,2023-05-01,20869.941181443235,2024-05-01,High Lease Rollover Risk
P11,P11_T4,2023-05-01,15652.455886082424,2024-04-01,High Lease Rollover Risk
P11,P11_T5,2023-05-01,15652.455886082424,2024-03-01,High Lease Rollover Risk
P11,P11_T1,2023-06-01,26534.765288229173,2026-05-01,High Lease Rollover Risk
P11,P11_T2,2023-06-01,26534.765288229173,2027-11-01,High Lease Rollover Risk
P11,P11_T3,2023-06-01,21227.81223058334,2024-05-01,High Lease Rollover Risk
P11,P11_T4,2023-06-01,15920.859172937504,2024-04-01,High Lease Rollover Risk
P11,P11_T5,2023-06-01,15920.859172937504,2024-03-01,High Lease Rollover Risk
P11,P11_T1,2023-07-01,26791.677671125024,2026-05-01,High Lease Rollover Risk
P11,P11_T2,2023-07-01,26791.677671125024,2027-11-01,High Lease Rollover Risk
P11,P11_T3,2023-07-01,21433.34213690002,2024-05-01,High Lease Rollover Risk
P11,P11_T4,2023-07-01,16075.006602675014,2024-04-01,High Lease Rollover Risk
P11,P11_T5,2023-07-01,16075.006602675014,2024-03-01,High Lease Rollover Risk
P11,P11_T1,2023-08-01,26593.883826741716,2026-05-01,High Lease Rollover Risk
P11,P11_T2,2023-08-01,26593.883826741716,2027-11-01,High Lease Rollover Risk
P11,P11_T3,2023-08-01,21275.107061393373,2024-05-01,High Lease Rollover Risk
P11,P11_T4,2023-08-01,15956.33029604503,2024-04-01,High Lease Rollover Risk
P11,P11_T5,2023-08-01,15956.33029604503,2024-03-01,High Lease Rollover Risk
P11,P11_T1,2023-09-01,26381.048502889043,2026-05-01,High Lease Rollover Risk
P11,P11_T2,2023-09-01,26381.048502889043,2027-11-01,High Lease Rollover Risk
P11,P11_T3,2023-09-01,21104.838802311235,2024-05-01,High Lease Rollover Risk
P11,P11_T4,2023-09-01,15828.629101733426,2024-04-01,High Lease Rollover Risk
P11,P11_T5,2023-09-01,15828.629101733426,2024-03-01,High Lease Rollover Risk
P11,P11_T1,2023-10-01,26257.06954419305,2026-05-01,High Lease Rollover Risk
P11,P11_T2,2023-10-01,26257.06954419305,2027-11-01,High Lease Rollover Risk
P11,P11_T3,2023-10-01,21005.655635354444,2024-05-01,High Lease Rollover Risk
P11,P11_T4,2023-10-01,15754.24172651583,2024-04-01,High Lease Rollover Risk
P11,P11_T5,2023-10-01,15754.24172651583,2024-03-01,High Lease Rollover Risk
P11,P11_T1,2023-11-01,26411.35211860661,2026-05-01,High Lease Rollover Risk
P11,P11_T2,2023-11-01,26411.35211860661,2027-11-01,High Lease Rollover Risk
P11,P11_T3,2023-11-01,21129.081694885288,2024-05-01,High Lease Rollover Risk
P11,P11_T4,2023-11-01,15846.811271163966,2024-04-01,High Lease Rollover Risk
P11,P11_T5,2023-11-01,15846.811271163966,2024-03-01,High Lease Rollover Risk
P11,P11_T1,2023-12-01,27171.58883915258,2026-05-01,High Lease Rollover Risk
P11,P11_T2,2023-12-01,27171.58883915258,2027-11-01,High Lease Rollover Risk
P11,P11_T3,2023-12-01,21737.271071322066,2024-05-01,High Lease Rollover Risk
P11,P11_T4,2023-12-01,16302.953303491548,2024-04-01,High Lease Rollover Risk
P11,P11_T5,2023-12-01,16302.953303491548,2024-03-01,High Lease Rollover Risk
P11,P11_T1,2024-01-01,27498.043398922273,2026-05-01,High Lease Rollover Risk
P11,P11_T2,2024-01-01,27498.043398922273,2027-11-01,High Lease Rollover Risk
P11,P11_T3,2024-01-01,21998.43471913782,2024-05-01,High Lease Rollover Risk
P11,P11_T4,2024-01-01,16498.826039353364,2024-04-01,High Lease Rollover Risk
P11,P11_T5,2024-01-01,16498.826039353364,2024-03-01,High Lease Rollover Risk
P11,P11_T1,2024-02-01,27482.30425667551,2026-05-01,High Lease Rollover Risk
P11,P11_T2,2024-02-01,27482.30425667551,2027-11-01,High Lease Rollover Risk
P11,P11_T3,2024-02-01,21985.84340534041,2024-05-01,High Lease Rollover Risk
P11,P11_T4,2024-02-01,16489.382554005304,2024-04-01,High Lease Rollover Risk
P11,P11_T5,2024-02-01,16489.382554005304,2024-03-01,High Lease Rollover Risk
P11,P11_T1,2024-03-01,27557.963019348386,2026-05-01,High Lease Rollover Risk
P11,P11_T2,2024-03-01,27557.963019348386,2027-11-01,High Lease Rollover Risk
P11,P11_T3,2024-03-01,22046.370415478712,2024-05-01,High Lease Rollover Risk
P11,P11_T4,2024-03-01,16534.77781160903,2024-04-01,High Lease Rollover Risk
P11,P11_T5,2024-03-01,16534.77781160903,2024-03-01,High Lease Rollover Risk
P11,P11_T1,2024-04-01,27475.765264257767,2026-05-01,High Lease Rollover Risk
P11,P11_T2,2024-04-01,27475.765264257767,2027-11-01,High Lease Rollover Risk
P11,P11_T3,2024-04-01,21980.612211406216,2024-05-01,High Lease Rollover Risk
P11,P11_T4,2024-04-01,16485.45915855466,2024-04-01,High Lease Rollover Risk
P11,P11_T5,2024-04-01,16485.45915855466,2024-03-01,High Lease Rollover Risk
P11,P11_T1,2024-05-01,27370.245578208,2026-05-01,High Lease Rollover Risk
P11,P11_T2,2024-05-01,27370.245578208,2027-11-01,High Lease Rollover Risk
P11,P11_T3,2024-05-01,21896.1964625664,2024-05-01,High Lease Rollover Risk
P11,P11_T4,2024-05-01,16422.147346924798,2024-04-01,High Lease Rollover Risk
P11,P11_T5,2024-05-01,16422.147346924798,2024-03-01,High Lease Rollover Risk
P11,P11_T1,2024-06-01,27708.399299051405,2026-05-01,High Lease Rollover Risk
P11,P11_T2,2024-06-01,27708.399299051405,2027-11-01,High Lease Rollover Risk
P11,P11_T3,2024-06-01,22166.719439241126,2024-05-01,High Lease Rollover Risk
P11,P11_T4,2024-06-01,16625.039579430842,2024-04-01,High Lease Rollover Risk
P11,P11_T5,2024-06-01,16625.039579430842,2024-03-01,High Lease Rollover Risk
P11,P11_T1,2024-07-01,28030.760501395973,2026-05-01,High Lease Rollover Risk
P11,P11_T2,2024-07-01,28030.760501395973,2027-11-01,High Lease Rollover Risk
P11,P11_T3,2024-07-01,22424.60840111678,2024-05-01,High Lease Rollover Risk
P11,P11_T4,2024-07-01,16818.456300837584,2024-04-01,High Lease Rollover Risk
P11,P11_T5,2024-07-01,16818.456300837584,2024-03-01,High Lease Rollover Risk
P11,P11_T1,2024-08-01,28284.489928249583,2026-05-01,High Lease Rollover Risk
P11,P11_T2,2024-08-01,28284.489928249583,2027-11-01,High Lease Rollover Risk
P11,P11_T3,2024-08-01,22627.59194259967,2024-05-01,High Lease Rollover Risk
P11,P11_T4,2024-08-01,16970.693956949748,2024-04-01,High Lease Rollover Risk
P11,P11_T5,2024-08-01,16970.693956949748,2024-03-01,High Lease Rollover Risk
P11,P11_T1,2024-09-01,28054.91050473892,2026-05-01,High Lease Rollover Risk
P11,P11_T2,2024-09-01,28054.91050473892,2027-11-01,High Lease Rollover Risk
P11,P11_T3,2024-09-01,22443.92840379114,2024-05-01,High Lease Rollover Risk
P11,P11_T4,2024-09-01,16832.946302843353,2024-04-01,High Lease Rollover Risk
P11,P11_T5,2024-09-01,16832.946302843353,2024-03-01,High Lease Rollover Risk
P11,P11_T1,2024-10-01,28232.52145607756,2026-05-01,High Lease Rollover Risk
P11,P11_T2,2024-10-01,28232.52145607756,2027-11-01,High Lease Rollover Risk
P11,P11_T3,2024-10-01,22586.01716486205,2024-05-01,High Lease Rollover Risk
P11,P11_T4,2024-10-01,16939.512873646534,2024-04-01,High Lease Rollover Risk
P11,P11_T5,2024-10-01,16939.512873646534,2024-03-01,High Lease Rollover Risk
P11,P11_T1,2024-11-01,28815.427899987557,2026-05-01,High Lease Rollover Risk
P11,P11_T2,2024-11-01,28815.427899987557,2027-11-01,High Lease Rollover Risk
P11,P11_T3,2024-11-01,23052.342319990046,2024-05-01,High Lease Rollover Risk
P11,P11_T4,2024-11-01,17289.256739992532,2024-04-01,High Lease Rollover Risk
P11,P11_T5,2024-11-01,17289.256739992532,2024-03-01,High Lease Rollover Risk
P11,P11_T1,2024-12-01,28692.79780055655,2026-05-01,High Lease Rollover Risk
P11,P11_T2,2024-12-01,28692.79780055655,2027-11-01,High Lease Rollover Risk
P11,P11_T3,2024-12-01,22954.23824044524,2024-05-01,High Lease Rollover Risk
P11,P11_T4,2024-12-01,17215.678680333927,2024-04-01,High Lease Rollover Risk
P11,P11_T5,2024-12-01,17215.678680333927,2024-03-01,High Lease Rollover Risk
P12,P12_T1,2023-01-01,41328.46945574925,2026-09-01,High Lease Rollover Risk
P12,P12_T2,2023-01-01,32144.365132249415,2024-12-01,High Lease Rollover Risk
P12,P12_T3,2023-01-01,18368.20864699967,2024-10-01,High Lease Rollover Risk
P12,P12_T1,2023-02-01,41091.35284749955,2026-09-01,High Lease Rollover Risk
P12,P12_T2,2023-02-01,31959.94110361076,2024-12-01,High Lease Rollover Risk
P12,P12_T3,2023-02-01,18262.82348777758,2024-10-01,High Lease Rollover Risk
P12,P12_T1,2023-03-01,41154.71743458784,2026-09-01,High Lease Rollover Risk
P12,P12_T2,2023-03-01,32009.22467134609,2024-12-01,High Lease Rollover Risk
P12,P12_T3,2023-03-01,18290.985526483484,2024-10-01,High Lease Rollover Risk
P12,P12_T1,2023-04-01,40789.35279613241,2026-09-01,High Lease Rollover Risk
P12,P12_T2,2023-04-01,31725.052174769648,2024-12-01,High Lease Rollover Risk
P12,P12_T3,2023-04-01,18128.601242725515,2024-10-01,High Lease Rollover Risk
P12,P12_T1,2023-05-01,42104.36228811206,2026-09-01,High Lease Rollover Risk
P12,P12_T2,2023-05-01,32747.83733519827,2024-12-01,High Lease Rollover Risk
P12,P12_T3,2023-05-01,18713.049905827585,2024-10-01,High Lease Rollover Risk
P12,P12_T1,2023-06-01,41270.49535393938,2026-09-01,High Lease Rollover Risk
P12,P12_T2,2023-06-01,32099.27416417507,2024-12-01,High Lease Rollover Risk
P12,P12_T3,2023-06-01,18342.442379528613,2024-10-01,High Lease Rollover Risk
P12,P12_T1,2023-07-01,41149.49328594838,2026-09-01,High Lease Rollover Risk
P12,P12_T2,2023-07-01,32005.16144462652,2024-12-01,High Lease Rollover Risk
P12,P12_T3,2023-07-01,18288.663682643728,2024-10-01,High Lease Rollover Risk
P12,P12_T1,2023-08-01,41723.48132799372,2026-09-01,High Lease Rollover Risk
P12,P12_T2,2023-08-01,32451.596588439555,2024-12-01,High Lease Rollover Risk
P12,P12_T3,2023-08-01,18543.76947910832,2024-10-01,High Lease Rollover Risk
P12,P12_T1,2023-09-01,41491.425160318235,2026-09-01,High Lease Rollover Risk
P12,P12_T2,2023-09-01,32271.10845802529,2024-12-01,High Lease Rollover Risk
P12,P12_T3,2023-09-01,18440.633404585882,2024-10-01,High Lease Rollover Risk
P12,P12_T1,2023-10-01,41940.37330123594,2026-09-01,High Lease Rollover Risk
P12,P12_T2,2023-10-01,32620.290345405727,2024-12-01,High Lease Rollover Risk
P12,P12_T3,2023-10-01,18640.165911660417,2024-10-01,High Lease Rollover Risk
P12,P12_T1,2023-11-01,41555.41396868342,2026-09-01,High Lease Rollover Risk
P12,P12_T2,2023-11-01,32320.877531198214,2024-12-01,High Lease Rollover Risk
P12,P12_T3,2023-11-01,18469.07287497041,2024-10-01,High Lease Rollover Risk
P12,P12_T1,2023-12-01,41444.108535690844,2026-09-01,High Lease Rollover Risk
P12,P12_T2,2023-12-01,32234.30663887065,2024-12-01,High Lease Rollover Risk
P12,P12_T3,2023-12-01,18419.603793640374,2024-10-01,High Lease Rollover Risk
P12,P12_T1,2024-01-01,41301.700897734336,2026-09-01,High Lease Rollover Risk
P12,P12_T2,2024-01-01,32123.545142682255,2024-12-01,High Lease Rollover Risk
P12,P12_T3,2024-01-01,18356.311510104148,2024-10-01,High Lease Rollover Risk
P12,P12_T1,2024-02-01,41642.90672877772,2026-09-01,High Lease Rollover Risk
P12,P12_T2,2024-02-01,32388.927455716006,2024-12-01,High Lease Rollover Risk
P12,P12_T3,2024-02-01,18507.958546123435,2024-10-01,High Lease Rollover Risk
P12,P12_T1,2024-03-01,41543.14112284654,2026-09-01,High Lease Rollover Risk
P12,P12_T2,2024-03-01,32311.331984436194,2024-12-01,High Lease Rollover Risk
P12,P12_T3,2024-03-01,18463.618276820685,2024-10-01,High Lease Rollover Risk
P12,P12_T1,2024-04-01,41762.22688830425,2026-09-01,High Lease Rollover Risk
P12,P12_T2,2024-04-01,32481.732024236637,2024-12-01,High Lease Rollover Risk
P12,P12_T3,2024-04-01,18560.989728135224,2024-10-01,High Lease Rollover Risk
P12,P12_T1,2024-05-01,41571.74979850638,2026-09-01,High Lease Rollover Risk
P12,P12_T2,2024-05-01,32333.58317661607,2024-12-01,High Lease Rollover Risk
P12,P12_T3,2024-05-01,18476.333243780613,2024-10-01,High Lease Rollover Risk
P12,P12_T1,2024-06-01,40970.14932585483,2026-09-01,High Lease Rollover Risk
P12,P12_T2,2024-06-01,31865.671697887083,2024-12-01,High Lease Rollover Risk
P12,P12_T3,2024-06-01,18208.955255935478,2024-10-01,High Lease Rollover Risk
P12,P12_T1,2024-07-01,41045.8714406909,2026-09-01,High Lease Rollover Risk
P12,P12_T2,2024-07-01,31924.56667609292,2024-12-01,High Lease Rollover Risk
P12,P12_T3,2024-07-01,18242.609529195957,2024-10-01,High Lease Rollover Risk
P12,P12_T1,2024-08-01,41414.40946186935,2026-09-01,High Lease Rollover Risk
P12,P12_T2,2024-08-01,32211.207359231714,2024-12-01,High Lease Rollover Risk
P12,P12_T3,2024-08-01,18406.404205275267,2024-10-01,High Lease Rollover Risk
P12,P12_T1,2024-09-01,40308.8550822869,2026-09-01,High Lease Rollover Risk
P12,P12_T2,2024-09-01,31351.331730667585,2024-12-01,High Lease Rollover Risk
P12,P12_T3,2024-09-01,17915.046703238622,2024-10-01,High Lease Rollover Risk
P12,P12_T1,2024-10-01,41901.82745655779,2026-09-01,High Lease Rollover Risk
P12,P12_T2,2024-10-01,32590.310243989385,2024-12-01,High Lease Rollover Risk
P12,P12_T3,2024-10-01,18623.034425136793,2024-10-01,High Lease Rollover Risk
P12,P12_T1,2024-11-01,41134.94199519052,2026-09-01,High Lease Rollover Risk
P12,P12_T2,2024-11-01,31993.84377403707,2024-12-01,High Lease Rollover Risk
P12,P12_T3,2024-11-01,18282.196442306897,2024-10-01,High Lease Rollover Risk
P12,P12_T1,2024-12-01,41394.89041571447,2026-09-01,High Lease Rollover Risk
P12,P12_T2,2024-12-01,32196.02587888903,2024-12-01,High Lease Rollover Risk
P12,P12_T3,2024-12-01,18397.729073650877,2024-10-01,High Lease Rollover Risk
